"OBJECTID_1.N.10.0","OBJECTID.N.10.0","FID_1.N.10.0","Name.C.10","SDE_STATE_.N.19.8","ORIG_FID.N.10.0","Distance.N.19.8","Zip_Num.N.10.0","Shape_area.N.19.11","Shape_len.N.19.11","burg.counts","avg.burg.counts","zip.tot.area","num.zip.regions","Total.Exemptions","Total.Returns","Percent.agi1","Percent.agi2","Percent.agi3","Percent.agi4","Percent.agi5","Percent.agi6","Total.Income","X18.24.No.High.school.2015","X25..Less.than.9th.Grade.2015","X25..9th.12th.but.No.Diploma.2015","X25..No.Diploma.2015","X2015.Median.Family.Income","X2015.Poverty.All.Families","X2015.Families.no.husband","X2015.Housing.Units"
1,105,0,90001,0,8499,0,90001,95622508.8574,55969.0556933,77,77,95622508.8574,1,53380,21370,0.609265325222274,0.28591483387927,0.0762751520823585,0.0196537201684605,0.00795507721104352,0.000935891436593355,555894,2191,11935,6623,18558,33595,0.322,0.444,14164
2,194,1,90004,0,8502,0,90004,84193103.6011,61463.7226542,402,402,84193103.6011,1,51260,27690,0.500541711809317,0.259299386059949,0.0985915492957746,0.0422535211267606,0.0548934633441676,0.0444203683640303,1750289,1298,7599,4565,12164,42177,0.196,0.339,24624
3,157,2,90006,0,8504,0,90006,53702398.8695,45757.1981488,79,79,53702398.8695,1,47690,23070,0.631989596879064,0.267013437364543,0.0632856523623754,0.0182054616384915,0.0160381447767664,0.00346770697876029,612820,1394,11616,6590,18206,31856,0.271,0.395,20590
4,136,3,90007,0,8505,0,90007,74345904.091,72292.2153006,184,184,74345904.091,1,23250,12000,0.613333333333333,0.260833333333333,0.075,0.0266666666666667,0.0208333333333333,0.00333333333333333,332242,679,5094,2662,7756,29221,0.364,0.554,12724
5,122,4,90008,0,8506,0,90008,108417712.014,65040.2127654,350,350,108417712.014,1,26800,14720,0.459239130434783,0.242527173913043,0.124320652173913,0.0692934782608696,0.0828804347826087,0.0217391304347826,695559,398,1640,2406,4046,52072,0.19,0.328,15614
6,175,5,90010,0,8507,0,90010,576921.458516,7774.22104499,3,0.41,4228673.4584568,12,3850,2250,0.36,0.173333333333333,0.12,0.0888888888888889,0.133333333333333,0.124444444444444,468435,36,208,94,302,67566,0.119,0.23,2418
7,130,6,90011,0,8508,0,90011,119805568.41,70667.6840521,350,350,119805568.41,1,94620,37060,0.65056664867782,0.270372369131139,0.058553696708041,0.0145709660010793,0.00539665407447383,0.000539665407447383,896360,3900,23791,12371,36162,28405,0.422,0.546,24202
8,202,7,90012,0,8509,0,90012,99028515.5307,58767.3217971,27,27,99028515.5307,1,16960,10380,0.453757225433526,0.234104046242775,0.121387283236994,0.0751445086705202,0.0915221579961464,0.0240847784200385,536468,1050,4481,3962,8443,35325,0.273,0.509,11688
9,154,8,90013,0,8510,0,90013,16910483.0028,28209.5283313,6,6,16910483.0028,1,5700,4390,0.382687927107062,0.195899772209567,0.129840546697039,0.10250569476082,0.14123006833713,0.0478359908883827,316223,108,541,1497,2038,78947,0.056,0.316,7560
10,148,9,90014,0,8511,0,90014,7922739.99556,16972.3500174,5,5,7922739.99556,1,4640,3570,0.352941176470588,0.207282913165266,0.148459383753501,0.109243697478992,0.140056022408964,0.0420168067226891,258873,66,472,781,1253,80026,0.166,0.739,5111
11,152,10,90015,0,8512,0,90015,46304103.0586,45413.2112955,20,20,46304103.0586,1,14330,7600,0.523684210526316,0.219736842105263,0.075,0.0486842105263158,0.0842105263157895,0.0486842105263158,484416,608,2518,1972,4490,31630,0.304,0.517,8678
12,162,11,90017,0,8514,0,90017,19845763.5377,27282.7596264,11,11,19845763.5377,1,16760,8680,0.544930875576037,0.21889400921659,0.0852534562211982,0.0460829493087558,0.0702764976958525,0.0345622119815668,578060,981,5198,1746,6944,23694,0.464,0.561,11305
13,137,12,90018,0,8515,0,90018,83170655.1657,55916.5970049,387,387,83170655.1657,1,43280,21490,0.544439274080968,0.284318287575617,0.0963238715681712,0.0381572824569567,0.0302466263378315,0.00651465798045603,712166,1111,6813,3834,10647,37448,0.245,0.378,17093
14,159,13,90019,0,8516,0,90019,106962179.276,79327.2704832,533,533,106962179.276,1,53250,28870,0.460339452719086,0.266366470384482,0.117076550051957,0.0564599930723935,0.0720471077242813,0.0277104260478005,1393261,1497,7475,4989,12464,48042,0.184,0.31,25626
15,139,14,90021,0,8518,0,90021,57342554.628,43622.2604916,7,7,57342554.628,1,2170,1340,0.485074626865672,0.201492537313433,0.0895522388059701,0.0522388059701493,0.0970149253731343,0.0746268656716418,114657,25,587,375,962,41979,0.317,0.81,1994
16,150,15,90022,0,8519,0,90022,119026123.159,68342.9634197,0,0,119026123.159,1,64160,27060,0.5509977827051,0.302291204730229,0.0960827790096083,0.032520325203252,0.016629711751663,0.00147819660014782,807670,NA,NA,NA,NA,NA,NA,NA,NA
17,135,16,90023,0,8520,0,90023,158843161.049,83328.3024431,88,88,158843161.049,1,44530,17970,0.583750695603784,0.2960489705064,0.0840289371174179,0.0239287701725097,0.0105731775180857,0.00166944908180301,507519,1726,9824,5827,15651,37050,0.285,0.415,11692
18,193,17,90024,0,8521,0,90024,82152285.4496,64210.4536632,159,159,82152285.4496,1,23330,15170,0.284772577455504,0.155570204350692,0.106789716545814,0.0784442979564931,0.160184574818721,0.214238628872775,5470390,242,227,446,673,152411,0.05,0.1,19300
19,160,18,90025,0,8522,0,90025,69408940.5561,68850.9777191,176,175.91,69445129.7201894,2,40080,25660,0.255650818394388,0.213561964146532,0.151987529228371,0.103663289166017,0.163289166017147,0.111847233047545,5455720,181,1215,1684,2899,92005,0.06,0.073,23120
20,206,19,90026,0,8523,0,90026,113995381.62,71368.2520479,363,362.29,114217283.680975,2,53830,31610,0.452388484656754,0.268585890540968,0.119898766213224,0.061056627649478,0.0724454286618159,0.0256248022777602,1533521,1407,7365,4715,12080,44808,0.202,0.322,26715
21,263,20,90027,0,8524,0,90027,237072408.998,84968.8544935,334,334,237072408.998,1,35840,23950,0.377035490605428,0.237995824634656,0.146137787056367,0.0772442588726514,0.0993736951983299,0.0622129436325679,1887890,173,2612,1650,4262,60527,0.145,0.267,23454
22,217,21,90028,0,8525,0,90028,43204184.9994,44736.1211853,76,76,43204184.9994,1,21170,15120,0.497354497354497,0.274470899470899,0.107804232804233,0.0489417989417989,0.0529100529100529,0.0185185185185185,662501,592,1976,1732,3708,42259,0.16,0.27,18062
23,213,22,90031,0,8527,0,90031,104912883.361,95789.1189473,115,115,104912883.361,1,34070,16500,0.54,0.279393939393939,0.0987878787878788,0.0387878787878788,0.0381818181818182,0.00484848484848485,557076,838,7909,3813,11722,35371,0.275,0.353,12118
24,181,23,90033,0,8529,0,90033,85741188.5955,58854.4215831,131,131,85741188.5955,1,40420,17280,0.607638888888889,0.276041666666667,0.0758101851851852,0.0237268518518519,0.0144675925925926,0.00231481481481481,472349,1784,9564,5446,15010,31074,0.346,0.496,13948
25,144,24,90034,0,8530,0,90034,86484843.9173,59999.8016985,257,257,86484843.9173,1,50000,30480,0.327755905511811,0.270341207349081,0.163713910761155,0.0905511811023622,0.105643044619423,0.041994750656168,2017934,399,2556,2117,4673,69622,0.124,0.222,27422
26,177,25,90035,0,8531,0,90035,57147791.9093,48638.6996978,259,259,57147791.9093,1,25010,14170,0.302752293577982,0.207480592801694,0.141143260409315,0.0938602681721948,0.155257586450247,0.0995059985885674,1409704,68,821,558,1379,94325,0.069,0.157,14154
27,196,26,90036,0,8532,0,90036,69427606.1942,54557.9782153,324,324,69427606.1942,1,30810,19300,0.273575129533679,0.216062176165803,0.158549222797927,0.105181347150259,0.161139896373057,0.0854922279792746,2072672,63,417,378,795,88875,0.08,0.16,20175
28,120,27,90037,0,8533,0,90037,75682931.8115,55435.8643965,331,331,75682931.8115,1,54230,23750,0.64,0.266526315789474,0.0669473684210526,0.0172631578947368,0.00926315789473684,0,585319,2236,11892,6726,18618,28958,0.388,0.507,17943
29,204,28,90038,0,8534,0,90038,42482627.4823,46587.175519,101,101,42482627.4823,1,22900,13280,0.518825301204819,0.293674698795181,0.0941265060240964,0.0384036144578313,0.0406626506024096,0.0143072289156626,501068,597,3397,2142,5539,35559,0.269,0.403,12847
30,252,29,90039,0,8535,0,90039,113027302.429,72032.4106225,181,180.97,113047928.528696,2,25580,15080,0.331564986737401,0.240053050397878,0.142572944297082,0.0915119363395226,0.130636604774536,0.0636604774535809,1095125,273,1746,1312,3058,73014,0.09,0.164,12443
31,195,30,90048,0,8544,0,90048,51452137.2446,50423.32727,250,250,51452137.2446,1,18620,12960,0.261574074074074,0.196759259259259,0.155864197530864,0.100308641975309,0.165123456790123,0.12037037037037,1537716,31,414,357,771,108068,0.039,0.135,13016
32,234,31,90049,0,8545,0,90049,434556709.12,131507.325949,363,363,434556709.12,1,30020,18520,0.205723542116631,0.140928725701944,0.120410367170626,0.08585313174946,0.177645788336933,0.269438444924406,6487071,84,215,393,608,182409,0.029,0.105,17968
33,190,32,90057,0,8547,0,90057,25847920.5604,32088.2536934,36,36,25847920.5604,1,31290,15290,0.624591236102027,0.266187050359712,0.0699803793328973,0.0209287115761936,0.0163505559189012,0.00196206671026815,406045,1551,10302,4146,14448,29276,0.335,0.495,17502
34,124,33,90058,0,8548,0,90058,131599908.741,97032.2569514,24,24,131599908.741,1,3450,1460,0.650684931506849,0.212328767123288,0.0479452054794521,0.0273972602739726,0.0273972602739726,0.0342465753424658,100792,171,685,290,975,16031,0.591,0.672,855
35,80,34,90061,0,8550,0,90061,76429458.674,61942.5576034,182,182,76429458.674,1,26200,11280,0.589539007092199,0.275709219858156,0.0895390070921986,0.0283687943262411,0.0150709219858156,0.00177304964539007,323032,1049,3874,2381,6255,37863,0.31,0.425,7656
36,121,35,90062,0,8551,0,90062,52653169.0783,42995.9718944,305,305,52653169.0783,1,29080,14020,0.553495007132668,0.29243937232525,0.0991440798858773,0.0335235378031384,0.021398002853067,0,413167,1152,5209,3283,8492,38583,0.264,0.405,10099
37,178,36,90063,0,8552,0,90063,92862587.2222,70244.7146917,39,39,92862587.2222,1,49450,20880,0.550766283524904,0.300287356321839,0.0996168582375479,0.0311302681992337,0.0167624521072797,0.0014367816091954,622160,1568,11612,5631,17243,42234,0.24,0.354,14305
38,155,37,90064,0,8553,0,90064,110209009.191,72422.7993279,381,381,110209009.191,1,25740,14460,0.259336099585062,0.168741355463347,0.123789764868603,0.0857538035961272,0.171507607192254,0.190871369294606,2844253,99,348,437,785,110253,0.04,0.11,11292
39,238,38,90065,0,8554,0,90065,144869716.039,92048.3735869,241,241,144869716.039,1,41590,21170,0.414737836561171,0.252716107699575,0.121398205007085,0.0680207841284837,0.110533774208786,0.0325932923948984,1169489,780,5500,3923,9423,55849,0.175,0.295,15918
40,128,39,90066,0,8555,0,90066,139323658.204,78454.3092927,455,455,139323658.204,1,49070,28440,0.304149085794655,0.226793248945148,0.144866385372714,0.0910689170182841,0.149085794655415,0.0840365682137834,2489084,485,3232,2272,5504,80991,0.083,0.19,25557
41,179,40,90067,0,8556,0,90067,10352389.2352,16018.5205686,4,4,10352389.2352,1,5220,3180,0.179245283018868,0.0911949685534591,0.0943396226415094,0.0534591194968553,0.163522012578616,0.418238993710692,2622458,0,53,9,62,118426,0.057,0.3,1941
42,218,41,90069,0,8558,0,90069,60002446.8408,50044.8856433,93,93,60002446.8408,1,17500,13840,0.249277456647399,0.187861271676301,0.147398843930636,0.107658959537572,0.171965317919075,0.135838150289017,2296209,13,433,156,589,120216,0.021,0.118,13783
43,156,42,90071,0,8559,0,90071,4021619.22134,9341.2823012,1,1,4021619.22134,1,NA,NA,NA,NA,NA,NA,NA,NA,NA,NA,NA,NA,NA,NA,NA,NA,0
44,183,43,90073,0,8560,0,90073,17710234.2385,27872.5968839,0,0,17710234.2385,1,NA,NA,NA,NA,NA,NA,NA,NA,NA,NA,NA,NA,NA,NA,NA,NA,NA
45,126,44,90089,0,8562,0,90089,6887030.68234,13105.1809949,4,4,6887030.68234,1,NA,NA,NA,NA,NA,NA,NA,NA,NA,0,0,0,0,NA,NA,NA,5
46,191,45,90095,0,8564,0,90095,8848446.20612,14704.3722804,0,0,8848446.20612,1,NA,NA,NA,NA,NA,NA,NA,NA,NA,NA,NA,NA,NA,NA,NA,NA,NA
47,189,46,90211,0,8567,0,90211,19539168.93,25815.0245241,15,15,19539168.93,1,9630,5440,0.279411764705882,0.169117647058824,0.117647058823529,0.0863970588235294,0.154411764705882,0.193014705882353,1777179,67,80,114,194,106200,0.056,0.166,4017
48,184,47,90212,0,8568,0,90212,25217769.7806,29508.0892549,1,1,25217769.7806,1,12650,7490,0.271028037383178,0.146862483311081,0.113484646194927,0.0934579439252336,0.160213618157543,0.214953271028037,2978998,55,62,202,264,124697,0.05,0.173,6134
49,68,48,90221,0,8570,0,90221,149411164.977,87036.1846723,0,0,149411164.977,1,53090,21560,0.555194805194805,0.298237476808905,0.0950834879406308,0.0338589981447124,0.0162337662337662,0.00139146567717996,637516,NA,NA,NA,NA,NA,NA,NA,NA
50,73,49,90222,0,8571,0,90222,71832592.9955,50923.3076544,0,0,71832592.9955,1,29960,12450,0.54859437751004,0.293975903614458,0.107630522088353,0.0329317269076305,0.0168674698795181,0,367980,NA,NA,NA,NA,NA,NA,NA,NA
51,118,50,90230,0,8572,0,90230,119029469.094,74732.7153531,138,138,119029469.094,1,29240,15840,0.311237373737374,0.190656565656566,0.143939393939394,0.10290404040404,0.183080808080808,0.0681818181818182,1319160,510,1761,937,2698,86046,0.1,0.216,13456
52,94,51,90240,0,8574,0,90240,85994942.4501,57012.6333531,0,0,85994942.4501,1,24750,11760,0.368197278911565,0.232993197278912,0.14030612244898,0.0909863945578231,0.133503401360544,0.0340136054421769,734421,NA,NA,NA,NA,NA,NA,NA,NA
53,86,52,90241,0,8575,0,90241,139480024.58,80974.3554592,0,0,139480024.58,1,42250,20260,0.403751233958539,0.267522211253702,0.140177690029615,0.0765054294175716,0.0937808489634748,0.0182625863770977,1001622,NA,NA,NA,NA,NA,NA,NA,NA
54,77,53,90245,0,8577,0,90245,152744083.546,57456.3537901,0,0,152744083.546,1,17300,9400,0.240425531914894,0.168085106382979,0.147872340425532,0.115957446808511,0.219148936170213,0.108510638297872,1017354,NA,NA,NA,NA,NA,NA,NA,NA
55,71,54,90247,0,8578,0,90247,102966623.682,64033.5361251,97,96.34,103669769.186605,3,45380,22460,0.43766696349065,0.292074799643811,0.139804096170971,0.0658949243098842,0.0592163846838825,0.00534283170080142,906633,718,4401,2878,7279,46007,0.172,0.255,16897
56,69,55,90248,0,8579,0,90248,130724085.859,97834.6788967,79,79,130724085.859,1,10370,5340,0.370786516853933,0.260299625468165,0.151685393258427,0.0861423220973783,0.106741573033708,0.0243445692883895,340742,128,821,592,1413,66056,0.124,0.238,3631
57,145,56,90263,0,8587,0,90263,5983489.10848,12919.4411336,0,0,5983489.10848,1,NA,NA,NA,NA,NA,NA,NA,NA,NA,NA,NA,NA,NA,NA,NA,NA,NA
58,239,57,90272,0,8591,0,90272,670518033.78,135424.226672,270,270,670518033.78,1,20020,10400,0.219230769230769,0.107692307692308,0.0798076923076923,0.0644230769230769,0.170192307692308,0.358653846153846,4891803,112,124,136,260,212500,0.027,0.183,9817
59,243,58,90290,0,8597,0,90290,539013260.704,115502.601566,0,0,539013260.704,1,5410,2960,0.293918918918919,0.152027027027027,0.10472972972973,0.0945945945945946,0.192567567567568,0.162162162162162,459378,NA,NA,NA,NA,NA,NA,NA,NA
60,117,59,90291,0,8598,0,90291,65731652.8577,42418.357952,350,350,65731652.8577,1,22120,14940,0.284471218206158,0.204149933065596,0.143239625167336,0.0957161981258367,0.164658634538153,0.107764390896921,1736064,78,771,827,1598,94531,0.077,0.187,15533
61,109,60,90292,0,8599,0,90292,68533698.5924,40478.358219,75,75,68533698.5924,1,19300,13320,0.201201201201201,0.146396396396396,0.134384384384384,0.114114114114114,0.245495495495495,0.158408408408408,2184064,137,169,289,458,110355,0.084,0.115,13763
62,91,61,90293,0,8600,0,90293,52607718.0682,62162.239836,90,90,52607718.0682,1,10450,7140,0.19187675070028,0.166666666666667,0.172268907563025,0.140056022408964,0.225490196078431,0.103641456582633,777710,56,286,152,438,114350,0.039,0.034,6880
63,83,62,90304,0,8604,0,90304,42343415.7756,39298.4764069,0,0,45864630.38885,2,26560,11400,0.55,0.314912280701754,0.0850877192982456,0.0298245614035088,0.0175438596491228,0.00263157894736842,337474,NA,NA,NA,NA,NA,NA,NA,NA
64,127,63,90401,0,8606,0,90401,23482354.0029,32708.1377253,0,0,23482354.0029,1,6360,4540,0.277533039647577,0.193832599118943,0.143171806167401,0.10352422907489,0.165198237885463,0.116740088105727,1310990,NA,NA,NA,NA,NA,NA,NA,NA
65,151,64,90402,0,8607,0,90402,54357344.1569,52750.3698077,31,31,54357344.1569,1,9590,5500,0.221818181818182,0.12,0.0872727272727273,0.0654545454545455,0.154545454545455,0.350909090909091,2861475,52,85,76,161,198295,0.031,0.105,5804
66,147,65,90403,0,8608,0,90403,38462217.0597,52882.9219077,0,0,38462217.0597,1,21890,14580,0.222908093278464,0.167352537722908,0.149519890260631,0.114540466392318,0.200960219478738,0.144718792866941,1960499,NA,NA,NA,NA,NA,NA,NA,NA
67,138,66,90404,0,8609,0,90404,53347800.9818,55489.163278,1,1,53347800.9818,1,18170,11440,0.309440559440559,0.233391608391608,0.153846153846154,0.0987762237762238,0.137237762237762,0.0673076923076923,1158924,107,941,772,1713,76379,0.09,0.198,10615
68,129,67,90405,0,8610,0,90405,77301212.4596,49630.0437318,12,12,77301212.4596,1,23780,15270,0.262606417812705,0.174852652259332,0.140144073346431,0.10150622134905,0.180746561886051,0.140144073346431,2147700,39,550,341,891,118980,0.041,0.111,15387
69,47,68,90502,0,8612,0,90502,63125558.9433,42810.2429704,0,0,63125558.9433,1,16480,8450,0.353846153846154,0.241420118343195,0.156213017751479,0.0994082840236686,0.130177514792899,0.0189349112426036,473699,NA,NA,NA,NA,NA,NA,NA,NA
70,55,69,90504,0,8614,0,90504,107746321.164,56122.3737377,0,0,107746321.164,1,33000,16620,0.339350180505415,0.215403128760529,0.140794223826715,0.101684717208183,0.171480144404332,0.0312876052948255,1043940,NA,NA,NA,NA,NA,NA,NA,NA
71,33,70,90505,0,8615,0,90505,163014567.326,77450.5020233,0,0,163014567.326,1,35030,17630,0.269994327850255,0.175269427112876,0.141236528644356,0.108338060124787,0.210436755530346,0.0947249007373795,1634802,NA,NA,NA,NA,NA,NA,NA,NA
72,57,71,90506,0,8616,0,90506,4584443.5876,8510.13892176,0,0,4584443.5876,1,NA,NA,NA,NA,NA,NA,NA,NA,NA,NA,NA,NA,NA,NA,NA,NA,NA
73,104,72,90602,0,8618,0,90602,73275572.391,85862.8352735,0,0,73275572.391,1,22630,10720,0.409514925373134,0.282649253731343,0.125932835820896,0.0690298507462687,0.0914179104477612,0.021455223880597,527865,NA,NA,NA,NA,NA,NA,NA,NA
74,89,73,90603,0,8619,0,90603,86706259.2448,83436.4595818,0,0,86706259.2448,1,19610,9790,0.300306435137896,0.187946884576098,0.139938712972421,0.120531154239019,0.205311542390194,0.0459652706843718,732164,NA,NA,NA,NA,NA,NA,NA,NA
75,96,74,90605,0,8621,0,90605,172812308.336,141704.540781,0,0,172812308.336,1,40140,18080,0.39712389380531,0.264933628318584,0.133849557522124,0.0873893805309734,0.0956858407079646,0.0210176991150442,969056,NA,NA,NA,NA,NA,NA,NA,NA
76,115,75,90606,0,8622,0,90606,104298634.23,70406.9270227,0,0,104298634.23,1,31250,14530,0.412938747419133,0.280110116999312,0.147969717825189,0.0784583620096352,0.0750172057811425,0.00550584996558844,622776,NA,NA,NA,NA,NA,NA,NA,NA
77,42,77,90623,0,8625,0,90623,1064125.05044,4625.77821984,0,0,1064125.05044,1,15100,7490,0.321762349799733,0.193591455273698,0.132176234979973,0.0987983978638184,0.198931909212283,0.054739652870494,548586,NA,NA,NA,NA,NA,NA,NA,NA
78,32,78,90630,0,8626,0,90630,291271.19442,3315.27358771,0,0,1297899.21718,2,47470,23350,0.314346895074946,0.198715203426124,0.137473233404711,0.106638115631692,0.191006423982869,0.0518201284796574,1731324,NA,NA,NA,NA,NA,NA,NA,NA
79,98,79,90631,0,8627,0,90631,178011708.049,78489.0625978,0,0,178011708.049,1,65940,31260,0.374280230326296,0.242802303262956,0.136916186820218,0.0863723608445297,0.124120281509917,0.0355086372360845,1942715,NA,NA,NA,NA,NA,NA,NA,NA
80,67,80,90639,0,8629,0,90639,3953310.45514,10756.2367058,0,0,3953310.45514,1,NA,NA,NA,NA,NA,NA,NA,NA,NA,NA,NA,NA,NA,NA,NA,NA,NA
81,78,81,90650,0,8631,0,90650,271506855.599,98199.3032164,0,0,271506855.599,1,100400,45750,0.417486338797814,0.282841530054645,0.148415300546448,0.0791256830601093,0.0681967213114754,0.0039344262295082,1908698,NA,NA,NA,NA,NA,NA,NA,NA
82,92,82,90670,0,8633,0,90670,238375638.842,137509.823281,0,0,238375638.842,1,15740,7810,0.375160051216389,0.263764404609475,0.149807938540333,0.088348271446863,0.108834827144686,0.0140845070422535,418747,NA,NA,NA,NA,NA,NA,NA,NA
83,52,83,90701,0,8634,0,90701,45073417.8776,44130.3007235,0,0,45073417.8776,1,15580,7350,0.446258503401361,0.253061224489796,0.13469387755102,0.073469387755102,0.0802721088435374,0.0122448979591837,333600,NA,NA,NA,NA,NA,NA,NA,NA
84,58,84,90703,0,8635,0,90703,246853319.56,124935.955319,0,0,246853319.56,1,48970,24100,0.294190871369295,0.193360995850622,0.137344398340249,0.10746887966805,0.200829875518672,0.066804979253112,1933680,NA,NA,NA,NA,NA,NA,NA,NA
85,5,85,90704,0,8636,0,90704,1738339569.81,308602.375372,0,0,3823319074.44872,7,NA,NA,NA,NA,NA,NA,NA,NA,NA,NA,NA,NA,NA,NA,NA,NA,NA
86,66,86,90706,0,8637,0,90706,171753437.043,59248.4134006,0,0,171753437.043,1,72010,33570,0.427167113494191,0.27792672028597,0.137920762585642,0.0738754840631516,0.0750670241286863,0.00804289544235925,1447819,NA,NA,NA,NA,NA,NA,NA,NA
87,29,87,90710,0,8638,0,90710,72188005.1165,46693.5640351,94,94,72188005.1165,1,24310,11710,0.403928266438941,0.243381725021349,0.133219470538002,0.0828351836037575,0.116994022203245,0.0196413321947054,603034,437,2059,1605,3664,57534,0.138,0.322,9310
88,50,88,90713,0,8640,0,90713,97252834.4768,49883.6530259,0,0,97252834.4768,1,27590,13880,0.285302593659942,0.182276657060519,0.140489913544669,0.132564841498559,0.229827089337176,0.0295389048991354,971856,NA,NA,NA,NA,NA,NA,NA,NA
89,40,89,90715,0,8641,0,90715,47788928.277,42284.8473579,0,0,47788928.277,1,19520,9400,0.379787234042553,0.265957446808511,0.142553191489362,0.0936170212765957,0.109574468085106,0.00851063829787234,451742,NA,NA,NA,NA,NA,NA,NA,NA
90,36,90,90716,0,8642,0,90716,26608182.8556,26139.9611157,0,0,26608182.8556,1,13830,5860,0.534129692832764,0.302047781569966,0.10580204778157,0.0341296928327645,0.0238907849829352,0,178162,NA,NA,NA,NA,NA,NA,NA,NA
91,15,92,90731,0,8646,0,90731,400618750.901,144461.905539,398,398,400618750.901,1,51570,26130,0.404515882127822,0.248373517030233,0.128970531955607,0.0807500956754688,0.116341370072713,0.0210486031381554,1362079,1442,4855,4592,9447,58422,0.173,0.335,24205
92,24,94,90744,0,8649,0,90744,244793211.229,97601.4951534,434,433.8,244904323.284192,2,52380,21700,0.511059907834101,0.284792626728111,0.104608294930876,0.0465437788018433,0.0488479262672811,0.00414746543778802,759573,1792,8449,5599,14048,40976,0.254,0.412,14847
93,43,95,90745,0,8650,0,90745,244172779.485,98439.5750817,5,5,244172779.485,1,56130,27020,0.401184307920059,0.259067357512953,0.144337527757217,0.0847520355292376,0.100296076980015,0.0103626943005181,1285944,812,4998,3907,8905,75111,0.094,0.168,15729
94,48,96,90747,0,8652,0,90747,15301642.6003,17208.7722577,0,0,15301642.6003,1,NA,NA,NA,NA,NA,NA,NA,NA,NA,NA,NA,NA,NA,NA,NA,NA,NA
95,30,97,90755,0,8653,0,90755,61660575.0023,59412.0460282,0,0,61660575.0023,1,11000,5780,0.321799307958477,0.235294117647059,0.155709342560554,0.105536332179931,0.136678200692042,0.0449826989619377,398272,NA,NA,NA,NA,NA,NA,NA,NA
96,12,98,90802,0,8654,0,90802,165859773.717,214661.956372,0,0,165859773.717,1,31550,19900,0.378894472361809,0.276381909547739,0.148743718592965,0.0829145728643216,0.0909547738693467,0.0221105527638191,1054046,NA,NA,NA,NA,NA,NA,NA,NA
97,11,99,90803,0,8655,0,90803,138454199.436,76957.745185,0,0,138454199.436,1,27230,17940,0.228539576365663,0.183389074693423,0.159420289855072,0.12263099219621,0.189520624303233,0.116499442586399,2081081,NA,NA,NA,NA,NA,NA,NA,NA
98,21,100,90804,0,8656,0,90804,59343650.4245,53300.7693676,0,0,59343650.4245,1,34040,17910,0.455053042992741,0.288665549972083,0.12786152987158,0.0619765494137353,0.0558347292015634,0.010608598548297,726033,NA,NA,NA,NA,NA,NA,NA,NA
99,35,101,90806,0,8658,0,90806,89629058.4087,61360.3841255,0,0,125454624.287349,4,39590,18060,0.496124031007752,0.27796234772979,0.105758582502769,0.0564784053156146,0.0570321151716501,0.00664451827242525,689343,NA,NA,NA,NA,NA,NA,NA,NA
100,41,102,90807,0,8659,0,90807,135494761.32,86068.5529158,0,0,135494761.32,1,30270,16240,0.297413793103448,0.220443349753695,0.158251231527094,0.105911330049261,0.16256157635468,0.0554187192118227,1245844,NA,NA,NA,NA,NA,NA,NA,NA
101,38,103,90810,0,8661,0,90810,192008513.771,89983.3286397,0,0,192008513.771,1,35930,16270,0.454210202827289,0.287645974185618,0.128457283343577,0.0676090964966195,0.057160417947142,0.00491702519975415,644055,NA,NA,NA,NA,NA,NA,NA,NA
102,20,104,90813,0,8662,0,90813,98355083.0473,75625.7818308,0,0,98355083.0473,1,50380,21420,0.605042016806723,0.283846872082166,0.0700280112044818,0.0247432306255836,0.0144724556489262,0.00186741363211951,580501,NA,NA,NA,NA,NA,NA,NA,NA
103,10,105,90814,0,8663,0,90814,37586906.0352,56060.5442989,0,0,37586906.0352,1,16220,10190,0.296368989205103,0.242394504416094,0.161923454367026,0.10107948969578,0.139352306182532,0.0588812561334642,753786,NA,NA,NA,NA,NA,NA,NA,NA
104,26,106,90815,0,8664,0,90815,196080586.113,87836.7496066,0,0,196080586.113,1,34620,18860,0.267232237539767,0.176033934252386,0.147401908801697,0.120890774125133,0.222693531283139,0.0657476139978791,1590237,NA,NA,NA,NA,NA,NA,NA,NA
105,13,107,90822,0,8665,0,90822,4694599.37701,8931.63011924,0,0,4694599.37701,1,NA,NA,NA,NA,NA,NA,NA,NA,NA,NA,NA,NA,NA,NA,NA,NA,NA
106,9,108,90831,0,8666,0,90831,872647.77134,3993.20529993,0,0,872647.77134,1,NA,NA,NA,NA,NA,NA,NA,NA,NA,NA,NA,NA,NA,NA,NA,NA,NA
107,19,109,90840,0,8667,0,90840,8640727.72193,20195.8146829,0,0,8640727.72193,1,NA,NA,NA,NA,NA,NA,NA,NA,NA,NA,NA,NA,NA,NA,NA,NA,NA
108,324,110,91011,0,8673,0,91011,835930149.859,273406.510287,0,0,835930149.859,1,20080,9440,0.246822033898305,0.105932203389831,0.0783898305084746,0.0699152542372881,0.1875,0.311440677966102,2669337,NA,NA,NA,NA,NA,NA,NA,NA
109,301,111,91020,0,8675,0,91020,20477495.1824,30192.9519551,0,0,20477495.1824,1,7150,3640,0.318681318681319,0.239010989010989,0.156593406593407,0.10989010989011,0.145604395604396,0.0302197802197802,227307,NA,NA,NA,NA,NA,NA,NA,NA
110,309,112,91023,0,8676,0,91023,45089605.5442,34065.4629047,0,0,45089605.5442,1,NA,NA,NA,NA,NA,NA,NA,NA,NA,NA,NA,NA,NA,NA,NA,NA,NA
111,327,113,91024,0,8677,0,91024,1553551373.68,312752.835051,0,0,1553551373.68,1,10040,5400,0.25,0.164814814814815,0.135185185185185,0.103703703703704,0.203703703703704,0.142592592592593,656157,NA,NA,NA,NA,NA,NA,NA,NA
112,322,114,91040,0,8679,0,91040,353036503.428,127679.89399,130,130,353036503.428,1,18230,9730,0.34224049331963,0.215827338129496,0.147995889003083,0.100719424460432,0.157245632065776,0.0359712230215827,634157,167,709,823,1532,84917,0.093,0.225,7582
113,332,115,91042,0,8680,0,91042,1394742834.05,250814.783403,139,139,1394742834.05,1,23690,12190,0.380639868744873,0.238720262510254,0.138638228055783,0.0902378999179655,0.127153404429861,0.0246103363412633,674145,351,1678,1308,2986,68263,0.088,0.246,10587
114,298,116,91046,0,8681,0,91046,196163.929914,1904.67701273,0,0,196163.929914,1,NA,NA,NA,NA,NA,NA,NA,NA,NA,NA,NA,NA,NA,NA,NA,NA,NA
115,258,117,91101,0,8682,0,91101,34721914.9638,41540.433736,0,0,34721914.9638,1,15720,9860,0.299188640973631,0.210953346855984,0.156186612576065,0.115618661257606,0.154158215010142,0.063894523326572,1013079,NA,NA,NA,NA,NA,NA,NA,NA
116,291,118,91103,0,8683,0,91103,141622650.006,92055.5652721,0,0,141622650.006,1,24250,11870,0.46335299073294,0.224094355518113,0.0960404380791912,0.0572872788542544,0.0909856781802864,0.0682392586352148,981844,NA,NA,NA,NA,NA,NA,NA,NA
117,276,119,91104,0,8684,0,91104,105458268.201,68398.1566849,0,0,105458268.201,1,32480,16560,0.364734299516908,0.217995169082126,0.123792270531401,0.0821256038647343,0.151570048309179,0.0597826086956522,1159249,NA,NA,NA,NA,NA,NA,NA,NA
118,240,120,91125,0,8689,0,91125,1793704.41442,7784.86170056,0,0,1793704.41442,1,NA,NA,NA,NA,NA,NA,NA,NA,NA,NA,NA,NA,NA,NA,NA,NA,NA
119,235,121,91126,0,8690,0,91126,870984.520752,4431.96976332,0,0,870984.520752,1,NA,NA,NA,NA,NA,NA,NA,NA,NA,NA,NA,NA,NA,NA,NA,NA,NA
120,286,122,91201,0,8691,0,91201,81206091.8337,55043.6649393,0,0,81206091.8337,1,19580,10180,0.419449901768173,0.231827111984283,0.131630648330059,0.0746561886051081,0.106090373280943,0.0363457760314342,586040,NA,NA,NA,NA,NA,NA,NA,NA
121,260,123,91203,0,8693,0,91203,24605267.3097,27804.4675871,0,0,24605267.3097,1,12370,6580,0.407294832826748,0.252279635258359,0.145896656534954,0.0790273556231003,0.0927051671732523,0.0227963525835866,376996,NA,NA,NA,NA,NA,NA,NA,NA
122,248,124,91204,0,8694,0,91204,31045447.5143,42440.4667298,0,0,31223691.3229851,3,13410,6990,0.483547925608011,0.270386266094421,0.124463519313305,0.0586552217453505,0.0529327610872675,0.0100143061516452,284801,NA,NA,NA,NA,NA,NA,NA,NA
123,245,125,91205,0,8695,0,91205,61254532.9202,55347.1948263,0,0,61254532.9202,1,30830,16040,0.488154613466334,0.25997506234414,0.117206982543641,0.0579800498753117,0.0660847880299252,0.0105985037406484,645485,NA,NA,NA,NA,NA,NA,NA,NA
124,280,126,91206,0,8696,0,91206,169336078.724,98478.1771433,0,0,169336078.724,1,28160,14870,0.357767316745124,0.222595830531271,0.139878950907868,0.086079354404842,0.136516476126429,0.0571620712844654,1097601,NA,NA,NA,NA,NA,NA,NA,NA
125,292,127,91207,0,8697,0,91207,71842008.8548,51752.8557727,0,0,71842008.8548,1,9210,4800,0.285416666666667,0.164583333333333,0.133333333333333,0.0854166666666667,0.1875,0.14375,599721,NA,NA,NA,NA,NA,NA,NA,NA
126,304,128,91208,0,8698,0,91208,232146135.545,111945.458448,0,0,232230393.097601,2,15240,7640,0.267015706806283,0.154450261780105,0.12434554973822,0.0942408376963351,0.214659685863874,0.145287958115183,915782,NA,NA,NA,NA,NA,NA,NA,NA
127,244,129,91210,0,8699,0,91210,1597876.8617,6659.28431147,0,0,1597876.8617,1,330,210,0.238095238095238,0.142857142857143,0.19047619047619,0,0.238095238095238,0.19047619047619,34585,NA,NA,NA,NA,NA,NA,NA,NA
128,319,130,91214,0,8700,0,91214,243558724.001,90994.6992937,2,2,243558724.001,1,29580,14180,0.294781382228491,0.169252468265162,0.126939351198872,0.10296191819464,0.21509167842031,0.0909732016925247,1253925,119,711,501,1212,94852,0.049,0.116,10981
129,270,131,91301,0,8701,0,91301,725639995.274,131141.061184,0,0,725639995.274,1,24330,12460,0.28892455858748,0.146869983948636,0.109149277688604,0.0874799357945425,0.212680577849117,0.154895666131621,1704756,NA,NA,NA,NA,NA,NA,NA,NA
130,296,132,91303,0,8703,0,91303,59672621.1601,42462.4604301,106,106,59672621.1601,1,25660,12530,0.485235434956105,0.26975259377494,0.116520351157223,0.0582601755786113,0.0606544293695132,0.00957701516360734,498703,1011,3423,2262,5685,44906,0.183,0.353,10158
131,308,133,91306,0,8705,0,91306,115835193.53,57330.6676564,486,486,115835193.53,1,43230,21110,0.433443865466604,0.25106584557082,0.126954050213169,0.0762671719564188,0.0994789199431549,0.0127901468498342,976124,977,5001,3426,8427,63409,0.124,0.28,14977
132,281,134,91316,0,8708,0,91316,159723121.334,64410.6032386,383,383,159723121.334,1,24630,13700,0.325547445255474,0.194160583941606,0.130656934306569,0.0897810218978102,0.14963503649635,0.11021897810219,1649655,294,380,775,1155,78806,0.13,0.321,13048
133,317,135,91324,0,8710,0,91324,121190433.232,72117.4343693,264,264,121190433.232,1,24510,12700,0.4,0.222047244094488,0.118110236220472,0.0834645669291339,0.131496062992126,0.0448818897637795,804339,373,1339,1041,2380,73686,0.087,0.194,10144
134,316,136,91325,0,8711,0,91325,133833802.025,107026.716136,276,276,133833802.025,1,28200,14990,0.399599733155437,0.220813875917278,0.117411607738492,0.0793862575050033,0.130753835890594,0.0520346897931955,980297,374,1166,1094,2260,74492,0.09,0.231,12430
135,313,137,91330,0,8713,0,91330,15284401.3299,23618.5946017,3,3,15284401.3299,1,NA,NA,NA,NA,NA,NA,NA,NA,NA,0,0,5,5,NA,NA,NA,0
136,303,138,91335,0,8715,0,91335,182616233.318,63133.0848505,533,533,182616233.318,1,67750,33770,0.465798045602606,0.262955285756589,0.122594018359491,0.0681077879774948,0.0713651169677228,0.00917974533609713,1399600,1643,8315,5339,13654,58143,0.157,0.214,24637
137,326,139,91340,0,8716,0,91340,97123420.025,60310.002117,38,38,97123420.025,1,33190,14610,0.475701574264203,0.307323750855578,0.124572210814511,0.052703627652293,0.0362765229295003,0.00342231348391513,516546,758,5701,3492,9193,55022,0.168,0.276,8790
138,333,140,91342,0,8717,0,91342,1815421281.51,305343.266416,553,553,1815421281.51,1,87300,40040,0.416583416583417,0.275724275724276,0.134615384615385,0.0764235764235764,0.0871628371628372,0.00949050949050949,1802435,1874,10815,7059,17874,61670,0.135,0.226,25490
139,314,141,91343,0,8718,0,91343,159357919.507,69240.9455668,442,442,159357919.507,1,54030,25420,0.463021243115657,0.239575137686861,0.112903225806452,0.0708103855232101,0.0995279307631786,0.014162077104642,1182535,1412,6930,4119,11049,56194,0.187,0.303,17984
140,328,142,91344,0,8719,0,91344,402341582.334,98161.8183325,731,731,402341582.334,1,48390,24290,0.332235487855084,0.207492795389049,0.134623301770276,0.0988060930424043,0.176204199258954,0.0506381226842322,1760209,395,2125,1988,4113,87623,0.042,0.113,17686
141,320,143,91345,0,8720,0,91345,90758319.3296,44324.4372686,158,158,90758319.3296,1,17810,8690,0.400460299194476,0.276179516685846,0.144994246260069,0.0805523590333717,0.0897583429228999,0.00805523590333717,395715,428,2235,1097,3332,72446,0.068,0.153,5432
142,278,144,91356,0,8726,0,91356,208867947.009,69293.5168369,571,571,208867947.009,1,26330,14000,0.345714285714286,0.194285714285714,0.116428571428571,0.08,0.133571428571429,0.13,1795056,280,725,855,1580,84057,0.075,0.159,12119
143,253,145,91361,0,8727,0,91361,149090183.121,63585.7556267,0,0,149090183.121,1,19620,10440,0.262452107279693,0.140804597701149,0.103448275862069,0.0890804597701149,0.194444444444444,0.209770114942529,2022612,NA,NA,NA,NA,NA,NA,NA,NA
144,269,146,91362,0,8728,0,91362,28102526.014,24704.9852561,0,0,28102526.014,1,35420,17760,0.287162162162162,0.153716216216216,0.108108108108108,0.0867117117117117,0.197635135135135,0.166666666666667,2790117,NA,NA,NA,NA,NA,NA,NA,NA
145,271,147,91364,0,8729,0,91364,199794397.791,81253.5402525,438,438,199794397.791,1,24710,13190,0.288097043214556,0.156178923426839,0.11144806671721,0.0924943138741471,0.20470053070508,0.147081122062168,1939111,171,359,468,827,110938,0.057,0.099,11079
146,285,148,91367,0,8730,0,91367,216685927.232,93014.5676892,472,472,216685927.232,1,37470,20630,0.293746970431411,0.178865729520116,0.142995637421231,0.108579738245274,0.188075618031992,0.0877363063499758,2193374,227,424,559,983,100483,0.043,0.092,18694
147,334,149,91382,0,8732,0,91382,270567457.352,97918.3491319,0,0,270567457.352,1,NA,NA,NA,NA,NA,NA,NA,NA,NA,NA,NA,NA,NA,NA,NA,NA,NA
148,353,150,91384,0,8733,0,91384,4679570282.68,491639.639484,0,0,4679570282.68,1,22280,10300,0.305825242718447,0.175728155339806,0.124271844660194,0.110679611650485,0.232038834951456,0.0514563106796116,782035,NA,NA,NA,NA,NA,NA,NA,NA
149,340,151,91387,0,8734,0,91387,801479418.856,238964.085736,0,0,801479418.856,1,41500,19370,0.335570469798658,0.199793495095509,0.137325761486835,0.100154878678369,0.174496644295302,0.0526587506453278,1428912,NA,NA,NA,NA,NA,NA,NA,NA
150,289,152,91401,0,8736,0,91401,99161988.404,64401.0157112,177,177,99161988.404,1,33810,17900,0.444692737430168,0.24413407821229,0.111173184357542,0.0625698324022346,0.0960893854748603,0.041340782122905,1070933,522,3825,2261,6086,55090,0.187,0.331,15640
151,312,153,91402,0,8737,0,91402,104100947.696,61575.8693267,195,195,104100947.696,1,62350,28280,0.549151343705799,0.276874115983027,0.0947666195190948,0.0417256011315417,0.0342998585572843,0.00318246110325318,906321,1509,10349,6466,16815,37763,0.266,0.41,19447
152,267,154,91403,0,8738,0,91403,96004120.8332,74315.1479786,265,265,96004120.8332,1,22250,13470,0.273942093541203,0.187824795842613,0.140311804008909,0.0950259836674091,0.167037861915367,0.135857461024499,2079271,119,197,353,550,109699,0.059,0.158,11880
153,300,155,91405,0,8739,0,91405,92055552.5925,55389.861493,171,171,92055552.5925,1,45300,22160,0.536101083032491,0.271660649819495,0.0970216606498195,0.0410649819494585,0.0469314079422383,0.0072202166064982,772798,1254,6335,4213,10548,41283,0.214,0.332,17791
154,307,156,91406,0,8740,0,91406,189498078.143,75159.6163647,365,365,189498078.143,1,47040,23690,0.449978894048122,0.255804136766568,0.12325875897003,0.0679611650485437,0.087378640776699,0.015618404390038,1114112,849,5326,3340,8666,52892,0.173,0.235,18492
155,290,157,91411,0,8741,0,91411,54077611.3471,56072.360928,87,87,54077611.3471,1,20040,10460,0.446462715105162,0.252390057361377,0.121414913957935,0.0630975143403442,0.0850860420650096,0.0315487571701721,581630,560,2377,1486,3863,46860,0.192,0.275,9974
156,264,158,91423,0,8742,0,91423,112984739.613,84660.2246933,255,255,112984739.613,1,28010,17160,0.302447552447552,0.199300699300699,0.141025641025641,0.0891608391608392,0.152097902097902,0.115967365967366,2019306,62,347,453,800,105993,0.042,0.18,16029
157,279,159,91436,0,8743,0,91436,178914041.112,80259.5522017,283,283,178914041.112,1,17700,9120,0.223684210526316,0.106359649122807,0.087719298245614,0.0690789473684211,0.183114035087719,0.330043859649123,3975836,42,44,340,384,166800,0.021,0,5796
158,306,160,91501,0,8744,0,91501,147225377.444,69644.714624,0,0,147225377.444,1,18370,9840,0.335365853658537,0.222560975609756,0.151422764227642,0.0955284552845529,0.143292682926829,0.0518292682926829,719891,NA,NA,NA,NA,NA,NA,NA,NA
159,283,161,91502,0,8745,0,91502,39465863.1,43262.4323797,0,0,39465863.1,1,9760,5470,0.409506398537477,0.263254113345521,0.140767824497258,0.0786106032906764,0.0895795246800731,0.0182815356489945,288575,NA,NA,NA,NA,NA,NA,NA,NA
160,302,162,91504,0,8746,0,91504,125306860.354,53819.8591612,10,10,125306860.354,1,23800,12350,0.327125506072874,0.210526315789474,0.140080971659919,0.101214574898785,0.161133603238866,0.059919028340081,929904,347,1041,1115,2156,81854,0.06,0.158,9656
161,299,163,91505,0,8747,0,91505,143229074.371,99597.6482945,6,6,143229074.371,1,29490,16750,0.299701492537313,0.208955223880597,0.15044776119403,0.11044776119403,0.179701492537313,0.0507462686567164,1323960,143,1102,897,1999,95200,0.043,0.088,13460
162,282,164,91506,0,8748,0,91506,65095182.7053,50556.1582257,0,0,65095182.7053,1,17560,9770,0.311156601842375,0.212896622313204,0.147389969293756,0.0962128966223132,0.176049129989765,0.0562947799385875,711952,NA,NA,NA,NA,NA,NA,NA,NA
163,261,165,91521,0,8749,0,91521,2214252.25152,5886.40482469,0,0,2214252.25152,1,NA,NA,NA,NA,NA,NA,NA,NA,NA,NA,NA,NA,NA,NA,NA,NA,NA
164,251,166,91522,0,8750,0,91522,3467441.32206,7460.1662983,0,0,3467441.32206,1,NA,NA,NA,NA,NA,NA,NA,NA,NA,NA,NA,NA,NA,NA,NA,NA,NA
165,255,167,91523,0,8751,0,91523,1815340.90487,5292.8167322,0,0,1815340.90487,1,NA,NA,NA,NA,NA,NA,NA,NA,NA,NA,NA,NA,NA,NA,NA,NA,NA
166,274,168,91601,0,8752,0,91601,74226922.7695,55770.6699469,124,124,74226922.7695,1,31420,19580,0.441266598569969,0.274259448416752,0.126149131767109,0.0658835546475996,0.0735444330949949,0.0188968335035751,895884,392,2877,2021,4898,52333,0.159,0.318,17662
167,259,169,91602,0,8753,0,91602,58511142.4078,50789.4394262,88,88,58511142.4078,1,16230,11070,0.289972899728997,0.231255645889792,0.160794941282746,0.0939476061427281,0.14453477868112,0.0794941282746161,1103033,92,200,426,626,90777,0.056,0.228,10129
168,256,170,91604,0,8754,0,91604,137477710.906,81919.1905029,278,278,137477710.906,1,25910,16030,0.27199001871491,0.179663131628197,0.12975670617592,0.0966936993137866,0.170929507174049,0.150966936993138,2069242,42,295,451,746,137718,0.035,0.123,15356
169,305,171,91605,0,8755,0,91605,147178000.3,82286.8946022,167,167,147178000.3,1,50370,24380,0.531583264971288,0.27194421657096,0.100082034454471,0.0438884331419196,0.0459392945036916,0.00656275635767022,857375,1061,7237,4747,11984,45497,0.214,0.359,16546
170,288,172,91606,0,8756,0,91606,91685484.6001,66777.2495647,149,149,91685484.6001,1,38740,20100,0.500497512437811,0.274626865671642,0.111442786069652,0.0532338308457711,0.0512437810945274,0.00895522388059702,754967,737,5192,3363,8555,45475,0.188,0.26,15925
171,275,173,91607,0,8757,0,91607,69743741.7724,47749.0582454,150,150,69743741.7724,1,25310,15250,0.35672131147541,0.238032786885246,0.141639344262295,0.080655737704918,0.123934426229508,0.059016393442623,1096782,127,756,1030,1786,73690,0.081,0.122,14087
172,242,174,91608,0,8758,0,91608,14891224.408,16564.2035113,0,0,14891224.408,1,NA,NA,NA,NA,NA,NA,NA,NA,NA,NA,NA,NA,NA,NA,NA,NA,NA
173,295,176,91711,0,8763,0,91711,518532103.081,172074.162707,0,0,518532103.081,1,30390,15660,0.291187739463602,0.163473818646232,0.116858237547893,0.104086845466156,0.216475095785441,0.107918263090677,1595460,NA,NA,NA,NA,NA,NA,NA,NA
174,208,177,91723,0,8765,0,91723,64898595.6891,46781.0667373,0,0,64898595.6891,1,17540,8930,0.38969764837626,0.264277715565509,0.145576707726764,0.083986562150056,0.103023516237402,0.013437849944009,437177,NA,NA,NA,NA,NA,NA,NA,NA
175,211,178,91731,0,8767,0,91731,103488940.952,77101.1302205,0,0,105873978.9711,2,25480,11710,0.547395388556789,0.281810418445773,0.0982066609735269,0.0384286934244236,0.0298889837745517,0.00426985482493595,393810,NA,NA,NA,NA,NA,NA,NA,NA
176,212,179,91732,0,8768,0,91732,139877317.229,83370.8745635,0,0,139877317.229,1,56460,25420,0.541306058221872,0.280487804878049,0.0987411487018096,0.0420928402832415,0.0334382376081825,0.003933910306845,830150,NA,NA,NA,NA,NA,NA,NA,NA
177,187,180,91733,0,8769,0,91733,171606394.925,76693.1113574,0,0,171606394.925,1,41080,17870,0.556239507554561,0.288192501398993,0.0906547285954113,0.0363738108561835,0.0257414661443761,0.00279798545047566,557083,NA,NA,NA,NA,NA,NA,NA,NA
178,293,181,91741,0,8771,0,91741,650664601.118,154851.89425,0,0,650664601.118,1,24340,12230,0.296811120196239,0.166802943581357,0.130825838103025,0.109566639411284,0.210956663941128,0.0850367947669665,1212066,NA,NA,NA,NA,NA,NA,NA,NA
179,131,182,91745,0,8773,0,91745,402477276.432,141896.745391,0,0,402477276.432,1,50670,25360,0.379337539432177,0.232649842271293,0.136041009463722,0.0851735015772871,0.131703470031546,0.0350946372239748,1584828,NA,NA,NA,NA,NA,NA,NA,NA
180,116,183,91748,0,8775,0,91748,317268253.826,123868.743522,0,0,317268253.826,1,42120,20890,0.436093824796553,0.245572044040211,0.122546673049306,0.0694112015318334,0.0928674006701771,0.0335088559119196,1174571,NA,NA,NA,NA,NA,NA,NA,NA
181,186,184,91754,0,8777,0,91754,126526132.364,63619.7064138,0,0,126526132.364,1,31660,17280,0.459490740740741,0.217013888888889,0.115740740740741,0.0717592592592593,0.103587962962963,0.0324074074074074,932450,NA,NA,NA,NA,NA,NA,NA,NA
182,325,185,91759,0,8779,0,91759,127898751.773,98523.3960472,0,0,127898751.773,1,NA,NA,NA,NA,NA,NA,NA,NA,NA,NA,NA,NA,NA,NA,NA,NA,NA
183,205,187,91768,0,8784,0,91768,208715573.934,108395.055082,0,0,208715573.934,1,29240,13010,0.502690238278248,0.278247501921599,0.113758647194466,0.05380476556495,0.0453497309761722,0.00614911606456572,477000,NA,NA,NA,NA,NA,NA,NA,NA
184,203,188,91770,0,8785,0,91770,181777581.246,91461.56975,0,0,181777581.246,1,56570,28550,0.516637478108581,0.258493870402802,0.109632224168126,0.0521891418563923,0.0549912434325744,0.00805604203152364,1067784,NA,NA,NA,NA,NA,NA,NA,NA
185,215,189,91776,0,8788,0,91776,96806836.1619,71093.2080467,0,0,96806836.1619,1,35740,18750,0.524266666666667,0.242133333333333,0.106133333333333,0.0533333333333333,0.0618666666666667,0.0122666666666667,736350,NA,NA,NA,NA,NA,NA,NA,NA
186,335,194,92397,0,8800,0,92397,994920604.944,145995.369434,0,0,994920604.944,1,4590,2340,0.307692307692308,0.166666666666667,0.158119658119658,0.141025641025641,0.188034188034188,0.0384615384615385,161890,NA,NA,NA,NA,NA,NA,NA,NA
187,90,195,92821,0,8801,0,92821,89332038.7859,70951.25211,0,0,89332038.7859,1,36880,18480,0.304112554112554,0.198593073593074,0.135822510822511,0.105519480519481,0.19534632034632,0.0606060606060606,1430481,NA,NA,NA,NA,NA,NA,NA,NA
188,97,196,92823,0,8802,0,92823,146847080.026,76592.1013671,0,0,146847080.026,1,4090,1860,0.241935483870968,0.150537634408602,0.102150537634409,0.0967741935483871,0.274193548387097,0.134408602150538,214977,NA,NA,NA,NA,NA,NA,NA,NA
189,357,198,93243,0,8804,0,93243,1579791855.68,231900.282879,0,0,1579791855.68,1,1190,580,0.413793103448276,0.206896551724138,0.155172413793103,0.120689655172414,0.103448275862069,0,28236,NA,NA,NA,NA,NA,NA,NA,NA
190,358,199,93523,0,8806,0,93523,2104489189.87,306392.510473,0,0,2104489189.87,1,3360,1150,0.191304347826087,0.330434782608696,0.208695652173913,0.121739130434783,0.147826086956522,0,69230,NA,NA,NA,NA,NA,NA,NA,NA
191,354,200,93532,0,8807,0,93532,3168295136.22,497924.182494,0,0,3168295136.22,1,2190,1140,0.315789473684211,0.219298245614035,0.157894736842105,0.12280701754386,0.157894736842105,0.0263157894736842,68688,NA,NA,NA,NA,NA,NA,NA,NA
192,356,201,93534,0,8808,0,93534,615320493.048,221851.427663,0,0,615320493.048,1,32550,15270,0.508840864440079,0.258677144728225,0.113948919449902,0.0589390962671906,0.0530451866404715,0.00654878847413229,575855,NA,NA,NA,NA,NA,NA,NA,NA
193,359,202,93535,0,8809,0,93535,7120038053.77,526035.487528,0,0,7120038053.77,1,65070,27430,0.527889172438936,0.243893547211083,0.115931461903026,0.0594239883339409,0.048851622311338,0.004010207801677,970151,NA,NA,NA,NA,NA,NA,NA,NA
194,355,203,93536,0,8810,0,93536,7791572127.64,665284.273199,0,0,7791572127.64,1,59410,27240,0.341409691629956,0.187224669603524,0.148678414096916,0.11784140969163,0.176578560939794,0.0282672540381791,1732547,NA,NA,NA,NA,NA,NA,NA,NA
195,346,204,93543,0,8811,0,93543,2031706089.65,337736.879369,0,0,2031706089.65,1,11500,4930,0.488843813387424,0.243407707910751,0.129817444219067,0.0649087221095335,0.0669371196754564,0.00608519269776876,191939,NA,NA,NA,NA,NA,NA,NA,NA
196,352,205,93552,0,8815,0,93552,1900228783.8,304581.144664,0,0,1900228783.8,1,37790,15380,0.454486345903771,0.255526657997399,0.146944083224967,0.0773732119635891,0.0624187256176853,0.00325097529258778,612097,NA,NA,NA,NA,NA,NA,NA,NA
197,344,206,93553,0,8816,0,93553,1590386618.45,316305.302954,0,0,1590386618.45,1,1530,760,0.394736842105263,0.223684210526316,0.144736842105263,0.105263157894737,0.131578947368421,0,38959,NA,NA,NA,NA,NA,NA,NA,NA
198,341,208,93563,0,8818,0,93563,2080891673.62,306272.264581,0,0,2080891673.62,1,NA,NA,NA,NA,NA,NA,NA,NA,NA,NA,NA,NA,NA,NA,NA,NA,NA
199,185,209,90020,0,8517,0,90020,32808326.2138,46881.6893536,80,80,32808326.2138,1,31760,17450,0.499713467048711,0.285386819484241,0.110601719197708,0.0435530085959885,0.0383954154727794,0.0223495702005731,1086038,621,3155,2241,5396,40491,0.18,0.323,17868
200,167,210,90005,0,8503,0,90005,28630750.4459,54518.1552225,131,100.42,37349162.01331,2,29610,15520,0.541237113402062,0.269974226804124,0.0889175257731959,0.0380154639175258,0.038659793814433,0.0231958762886598,765406,814,5641,3137,8778,32420,0.261,0.457,16831
201,210,211,90029,0,8526,0,90029,39586816.4247,40733.1084453,118,118,39586816.4247,1,30950,17090,0.541252194265652,0.284961966062025,0.0953774136922177,0.0362785254534816,0.0345231129315389,0.00760678759508484,571460,814,5872,3399,9271,33189,0.236,0.324,15116
202,23,212,90274,0,8592,0,90274,312029527.542,155596.901282,0,0,335064287.3217,2,25450,12610,0.219666931007137,0.0967486122125297,0.0856463124504362,0.0721649484536082,0.200634417129262,0.325138778747026,3615561,NA,NA,NA,NA,NA,NA,NA,NA
203,277,213,91202,0,8692,0,91202,62656536.346,43792.5949424,0,0,62656536.346,1,19660,10380,0.342967244701349,0.209055876685934,0.138728323699422,0.0982658959537572,0.14354527938343,0.0674373795761079,837883,NA,NA,NA,NA,NA,NA,NA,NA
204,329,214,91326,0,8712,0,91326,315136394.988,103487.616309,384,384,315136394.988,1,33010,16170,0.277674706246135,0.156462585034014,0.120593692022263,0.0952380952380952,0.225108225108225,0.124922696351268,1665665,316,715,896,1611,109973,0.052,0.098,12638
205,338,215,91355,0,8725,0,91355,678814620.941,231462.718173,0,0,678814620.941,1,30030,15570,0.266538214515093,0.165703275529865,0.140655105973025,0.125883108542068,0.222222222222222,0.0789980732177264,1417968,NA,NA,NA,NA,NA,NA,NA,NA
206,337,216,91381,0,8731,0,91381,491378227.567,142102.053134,0,0,491378227.567,1,19490,8540,0.26463700234192,0.131147540983607,0.111241217798595,0.0936768149882904,0.23536299765808,0.163934426229508,1150977,NA,NA,NA,NA,NA,NA,NA,NA
207,140,217,90016,0,8513,0,90016,102939657.707,67785.7018009,429,429,102939657.707,1,43030,22050,0.486167800453515,0.286167800453515,0.116553287981859,0.054421768707483,0.0480725623582766,0.00861678004535147,834233,1005,4817,3342,8159,43325,0.211,0.264,18104
208,134,218,90232,0,8573,0,90232,62264783.7151,59455.6357508,2,2,62264783.7151,1,14840,8430,0.281138790035587,0.223013048635824,0.156583629893238,0.0984578884934757,0.156583629893238,0.0842230130486358,708247,214,528,660,1188,94875,0.068,0.149,6869
209,44,219,90501,655821,8611,0,90501,157353257.591,77417.0209386,109,109,157353257.591,1,41230,19890,0.377073906485671,0.239316239316239,0.131724484665661,0.085972850678733,0.131221719457014,0.0346907993966818,1182599,679,2638,2109,4747,67670,0.133,0.275,15319
210,25,220,90717,655821,8643,0,90717,54867757.0754,47935.2089893,6,6,54867757.0754,1,19460,10370,0.351012536162006,0.245901639344262,0.148505303760849,0.0906460945033751,0.138862102217936,0.0250723240115718,593259,218,1041,1107,2148,66075,0.103,0.245,9076
211,153,221,91744,655821,8772,0,91744,248062443.89,109127.600743,0,0,248062443.89,1,83120,36740,0.489929232444203,0.296679368535656,0.12084921066957,0.0519869352204682,0.0383777898747959,0.00217746325530757,1278655,NA,NA,NA,NA,NA,NA,NA,NA
212,273,222,91006,655821,8670,0,91006,185595102.847,152480.612599,0,0,185595102.847,1,29880,14430,0.318780318780319,0.182952182952183,0.121275121275121,0.0907830907830908,0.174636174636175,0.111573111573112,1616968,NA,NA,NA,NA,NA,NA,NA,NA
213,142,223,90640,655821,8630,0,90640,237315865.642,122162.474094,0,0,237315865.642,1,59500,28670,0.441576560865016,0.275549354726195,0.133937914196024,0.0676665504011161,0.0694105336588769,0.0118590861527729,1243991,NA,NA,NA,NA,NA,NA,NA,NA
214,133,224,90660,655821,8632,0,90660,264161330.179,115174.595966,0,0,264161330.179,1,60600,28430,0.436158986985579,0.28737249384453,0.142455153007387,0.0689412592332044,0.0612029546253957,0.00386915230390433,1141722,NA,NA,NA,NA,NA,NA,NA,NA
215,336,225,91321,655821,8709,0,91321,789517534.069,240243.17508,0,0,789517534.069,1,32430,15240,0.417979002624672,0.227034120734908,0.118766404199475,0.0761154855643045,0.122047244094488,0.0380577427821522,964216,NA,NA,NA,NA,NA,NA,NA,NA
216,229,226,91740,655821,8770,0,91740,138705348.891,66007.3122304,0,0,140019322.820052,3,23920,11940,0.360134003350084,0.21105527638191,0.144053601340034,0.108877721943049,0.153266331658291,0.0226130653266332,711856,NA,NA,NA,NA,NA,NA,NA,NA
217,266,227,91773,655821,8786,0,91773,424165219.319,188774.630272,0,0,424165219.319,1,31170,16360,0.318459657701711,0.193154034229829,0.139975550122249,0.109413202933985,0.186430317848411,0.0525672371638142,1246157,NA,NA,NA,NA,NA,NA,NA,NA
218,22,228,90275,655821,8593,0,90275,358673110.573,198541.785993,2,1.93,371968124.1423,2,39370,19220,0.224245577523413,0.119667013527575,0.101456815816857,0.0889698231009365,0.240374609781478,0.22528616024974,3045406,230,320,426,746,138614,0.032,0.116,16720
219,8,229,90732,655821,8647,0,90732,73309591.8229,67897.9085121,160,132.71,88382751.5663,2,19020,10240,0.2470703125,0.171875,0.15625,0.125,0.2294921875,0.0703125,865973,148,780,803,1583,101798,0.044,0.157,9115
220,294,230,91307,655821,8706,0,91307,123889425.913,56605.7586323,229,229,123889425.913,1,23050,11520,0.296006944444444,0.164930555555556,0.126736111111111,0.0954861111111111,0.21875,0.0980902777777778,1133616,326,541,544,1085,105038,0.041,0.116,8790
221,112,231,90056,655821,8546,0,90056,43743524.9011,39331.8189466,18,18,43743524.9011,1,7700,4510,0.279379157427938,0.184035476718404,0.146341463414634,0.104212860310421,0.186252771618625,0.0997782705099778,407239,8,53,106,159,109542,0.041,0.069,3653
222,99,232,90302,655821,8602,0,90302,50510300.5648,34797.3944041,2,1.95,51750641.84968,2,26320,13440,0.462797619047619,0.301339285714286,0.138392857142857,0.0498511904761905,0.0424107142857143,0.00520833333333333,499031,474,2206,1989,4195,45717,0.165,0.211,11595
223,100,233,90045,655821,8541,0,90045,306041305.435,105235.65913,373,373,306041305.435,1,33160,18500,0.258918918918919,0.177837837837838,0.144324324324324,0.107027027027027,0.203243243243243,0.108648648648649,1904013,353,765,673,1438,100648,0.072,0.149,16651
224,103,234,90094,655821,8563,0,90094,33738946.3321,49878.4082777,11,11,33738946.3321,1,5260,3010,0.169435215946844,0.132890365448505,0.122923588039867,0.106312292358804,0.245847176079734,0.222591362126246,478018,18,15,33,48,184632,0.062,0.243,3261
225,84,235,90604,655821,8620,0,90604,118512062.663,74083.2960224,0,0,118512062.663,1,37700,17790,0.370432827431141,0.244519392917369,0.149522203485104,0.0978077571669477,0.127599775154581,0.0101180438448567,912063,NA,NA,NA,NA,NA,NA,NA,NA
226,224,236,90265,655821,8588,0,90265,2252181780.27,320530.847074,0,0,2252181780.27,1,12760,7360,0.27445652173913,0.145380434782609,0.0978260869565217,0.0801630434782609,0.168478260869565,0.233695652173913,1943689,NA,NA,NA,NA,NA,NA,NA,NA
227,272,237,91302,655821,8702,0,91302,826283773.105,168686.125413,0,0,826283773.105,1,23470,11940,0.277219430485762,0.126465661641541,0.0938023450586265,0.0728643216080402,0.180904522613065,0.248743718592965,3286792,NA,NA,NA,NA,NA,NA,NA,NA
228,65,238,90266,655821,8589,0,90266,108928991.531,48020.4907083,0,0,108928991.531,1,33810,17280,0.201967592592593,0.108796296296296,0.0989583333333333,0.0810185185185185,0.201967592592593,0.307291666666667,4861182,NA,NA,NA,NA,NA,NA,NA,NA
229,61,239,90261,655821,9176,0,90261,561318.723817,3226.01203342,0,0,561318.723817,1,NA,NA,NA,NA,NA,NA,NA,NA,NA,NA,NA,NA,NA,NA,NA,NA,NA
230,79,240,90059,655821,8549,0,90059,93327116.3823,73960.0198216,267,267,93327116.3823,1,38540,16070,0.600497822028625,0.275046670815184,0.0846297448662103,0.0267579340385812,0.0130678282514001,0,435215,1867,5611,4790,10401,33016,0.375,0.519,10700
231,125,241,91709,655821,8761,0,91709,3782204.9439,13304.4884725,0,0,3782204.9439,1,71950,33690,0.304541406945681,0.173048382309291,0.128524784802612,0.106856634016028,0.217868803799347,0.0691599881270407,2824120,NA,NA,NA,NA,NA,NA,NA,NA
232,74,242,90638,655821,8628,0,90638,215314790.972,94236.5447458,0,0,215314790.972,1,43780,21840,0.333791208791209,0.211996336996337,0.141025641025641,0.107600732600733,0.175824175824176,0.0297619047619048,1391297,NA,NA,NA,NA,NA,NA,NA,NA
233,330,244,91311,655821,8707,0,91311,634372192.948,147865.591742,319,319,634372192.948,1,34220,18250,0.32,0.206575342465753,0.146301369863014,0.0986301369863014,0.163835616438356,0.0646575342465753,1552036,293,1068,1278,2346,90933,0.048,0.12,14319
234,348,245,91390,655821,8735,0,91390,6661744865.8,660562.687924,0,0,6661744865.8,1,18010,8560,0.289719626168224,0.14018691588785,0.110981308411215,0.105140186915888,0.257009345794392,0.0969626168224299,788984,NA,NA,NA,NA,NA,NA,NA,NA
235,110,246,90255,655821,8583,0,90255,104215339.598,79547.6459785,0,0,104215339.598,1,75380,30660,0.564253098499674,0.302348336594912,0.0880626223091976,0.0293542074363992,0.0146771037181996,0.00130463144161774,883940,NA,NA,NA,NA,NA,NA,NA,NA
237,232,248,90042,655821,8538,0,90042,127565175.914,85662.514406,228,228,127565175.914,1,52760,27390,0.438846294267981,0.265425337714494,0.126688572471705,0.067907995618839,0.0843373493975904,0.0167944505293903,1256068,853,7139,5734,12873,51569,0.167,0.258,21126
238,226,249,91030,655821,8678,0,91030,95582839.642,51359.994488,1,1,95582839.642,1,24200,12480,0.262019230769231,0.174679487179487,0.144230769230769,0.105769230769231,0.184294871794872,0.12900641025641,1521287,89,518,317,835,106446,0.047,0.039,11037
240,108,251,90047,655821,8543,0,90047,134225767.802,87380.9024871,559,559,134225767.802,1,45410,23470,0.481465700894759,0.272262462718364,0.138474648487431,0.0626331487004687,0.0417554324669791,0.0034086067319983,856493,976,3802,3389,7191,47573,0.194,0.286,17889
241,321,253,91331,655821,8714,0,91331,237092399.419,94408.4934175,367,367,237092399.419,1,96080,42540,0.514574518100611,0.299482839680301,0.109779031499765,0.0444287729196051,0.0298542548189939,0.00188058298072402,1397025,2437,18580,10547,29127,51832,0.188,0.321,23246
242,315,254,91352,655821,8723,0,91352,387621243.651,160183.205231,229,229,387621243.651,1,44040,20550,0.490024330900243,0.281265206812652,0.109975669099757,0.0554744525547445,0.0530413625304136,0.0102189781021898,823801,769,6752,3711,10463,51799,0.172,0.29,12773
243,39,255,90808,655821,8660,0,90808,188558201.212,75530.4422464,0,0,188558201.212,1,37770,19430,0.263510036026763,0.163664436438497,0.132269686052496,0.121976325270201,0.255790015440041,0.0627895007720021,1624601,NA,NA,NA,NA,NA,NA,NA,NA
244,34,256,90846,655821,8668,0,90846,12471553.9245,22043.3468413,0,0,12471553.9245,1,NA,NA,NA,NA,NA,NA,NA,NA,NA,NA,NA,NA,NA,NA,NA,NA,NA
245,132,257,90601,655821,8617,5358.64756004,90601,22772513.7538,33534.9842803,0,0,302485292.6158,2,29200,14790,0.340770791075051,0.242055442866802,0.154158215010142,0.0966869506423259,0.133198106828938,0.033130493576741,886047,NA,NA,NA,NA,NA,NA,NA,NA
246,143,257,90601,655821,8617,0,90601,279712778.862,140551.594273,0,0,302485292.6158,2,29200,14790,0.340770791075051,0.242055442866802,0.154158215010142,0.0966869506423259,0.133198106828938,0.033130493576741,886047,NA,NA,NA,NA,NA,NA,NA,NA
247,182,258,91746,655821,8774,0,91746,152696468.314,90044.6062948,0,0,152696468.314,1,30050,13490,0.482579688658265,0.29058561897702,0.120830244625649,0.0585618977020015,0.0429948109710897,0.0044477390659748,518860,NA,NA,NA,NA,NA,NA,NA,NA
248,141,259,91765,655821,8781,0,91765,376915488.106,130165.749064,0,0,376915488.106,1,44250,21710,0.317365269461078,0.197604790419162,0.137263933671119,0.102257024412713,0.180101335789959,0.0654076462459696,1766416,NA,NA,NA,NA,NA,NA,NA,NA
249,158,260,91766,655821,8782,0,91766,270709676.623,80250.2007961,0,0,270709676.623,1,65860,28450,0.494200351493849,0.273813708260105,0.111072056239016,0.0541300527240773,0.0572934973637961,0.00949033391915641,1098407,NA,NA,NA,NA,NA,NA,NA,NA
250,311,261,91304,655821,8704,0,91304,259108763.394,101269.061778,256,256,259108763.394,1,45920,22730,0.408710954685438,0.237131544214694,0.12010558732952,0.073471183457985,0.122745270567532,0.0378354597448306,1320075,727,3666,3128,6794,67597,0.139,0.235,17814
251,119,262,90040,655821,8536,0,90040,154741726.326,97744.1539168,0,0,154741726.326,1,12270,5540,0.472924187725632,0.303249097472924,0.129963898916967,0.0541516245487365,0.0324909747292419,0.0072202166064982,240761,NA,NA,NA,NA,NA,NA,NA,NA
252,101,263,90201,655821,8565,0,90201,175948948.572,96734.5838124,0,0,175948948.572,1,94340,38230,0.565001307873398,0.304472927020664,0.0912895631702851,0.0253727439183887,0.0130787339785509,0.000784724038713053,1091760,NA,NA,NA,NA,NA,NA,NA,NA
253,233,264,91706,655821,8760,0,91706,413645914.884,136001.237418,0,0,413645914.884,1,74790,33180,0.494273658830621,0.299276672694394,0.119650391802291,0.0494273658830621,0.0346594333936106,0.0027124773960217,1155215,NA,NA,NA,NA,NA,NA,NA,NA
254,201,265,91790,655821,8793,0,91790,162339380.72,95995.91253,0,0,162339380.72,1,41750,20240,0.395256916996047,0.250494071146245,0.143774703557312,0.0909090909090909,0.109683794466403,0.00988142292490119,985321,NA,NA,NA,NA,NA,NA,NA,NA
255,87,266,90002,655821,8500,0,90002,82837183.9009,53073.8575237,361,361,82837183.9009,1,47390,19320,0.621635610766046,0.275879917184265,0.0740165631469979,0.0196687370600414,0.0087991718426501,0,492792,2050,8280,4610,12890,33021,0.36,0.505,12878
256,107,267,90003,655821,8501,0,90003,102183805.775,81205.7482954,594,594,102183805.775,1,64850,26570,0.644712081294693,0.267595031990967,0.0658637561159202,0.015054572826496,0.00677455777192322,0,646684,2464,11476,7866,19342,31772,0.352,0.519,17595
257,63,268,90260,655821,8584,0,90260,70780077.7795,46222.5684171,0,0,71952417.46697,2,32590,15500,0.44,0.286451612903226,0.135483870967742,0.0651612903225806,0.0658064516129032,0.00709677419354839,650852,NA,NA,NA,NA,NA,NA,NA,NA
258,310,269,91016,655821,8674,0,91016,720231224.61,223630.375744,0,0,723990432.21563,2,37410,19060,0.35414480587618,0.218258132214061,0.14585519412382,0.09601259181532,0.144281217208814,0.0414480587618048,1259168,NA,NA,NA,NA,NA,NA,NA,NA
259,268,270,91008,655821,9148,0,91008,56883339.7081,51287.1578345,0,0,56883339.7081,1,960,510,0.294117647058824,0.117647058823529,0.0980392156862745,0.0784313725490196,0.196078431372549,0.215686274509804,101469,NA,NA,NA,NA,NA,NA,NA,NA
260,343,271,91354,655821,8724,0,91354,157449755.716,67481.3610937,0,0,157449755.716,1,30490,13690,0.247626004382761,0.127100073046019,0.118334550766983,0.114682249817385,0.292914536157779,0.0993425858290723,1361265,NA,NA,NA,NA,NA,NA,NA,NA
261,339,272,91350,655821,8721,0,91350,327979816.934,135679.824326,0,0,327979816.934,1,34780,16510,0.280436099333737,0.162931556632344,0.127801332525742,0.119321623258631,0.251968503937008,0.0575408843125379,1371807,NA,NA,NA,NA,NA,NA,NA,NA
262,342,273,91351,655821,8722,0,91351,328518949.768,137884.771689,0,0,328518949.768,1,32640,15480,0.376614987080103,0.231266149870801,0.138888888888889,0.0936692506459948,0.141472868217054,0.0180878552971576,840183,NA,NA,NA,NA,NA,NA,NA,NA
263,223,274,91722,655821,8764,0,91722,114723918.36,84492.9490831,0,0,114723918.36,1,34630,16880,0.391587677725118,0.257701421800948,0.149881516587678,0.0924170616113744,0.101303317535545,0.00710900473933649,794253,NA,NA,NA,NA,NA,NA,NA,NA
264,347,275,93544,655821,8812,0,93544,2661836061.13,363825.985529,0,0,2661836061.13,1,750,390,0.384615384615385,0.230769230769231,0.153846153846154,0.102564102564103,0.128205128205128,0,20553,NA,NA,NA,NA,NA,NA,NA,NA
265,351,276,93591,655821,8819,0,93591,2607053111.22,442261.583545,0,0,2607053111.22,1,5470,2280,0.530701754385965,0.25,0.12280701754386,0.0526315789473684,0.043859649122807,0,76401,NA,NA,NA,NA,NA,NA,NA,NA
266,257,277,91106,655821,8686,0,91106,78631604.2724,85797.8241738,0,0,78631604.2724,1,19800,11570,0.295592048401037,0.214347450302506,0.146931719965428,0.097666378565255,0.148660328435609,0.0968020743301642,1439691,NA,NA,NA,NA,NA,NA,NA,NA
267,237,278,91108,655821,8688,0,91108,105924682.903,61394.8465335,0,0,105924682.903,1,12870,6240,0.246794871794872,0.112179487179487,0.0881410256410256,0.0673076923076923,0.184294871794872,0.301282051282051,1836176,NA,NA,NA,NA,NA,NA,NA,NA
268,231,279,90046,655821,8542,0,90046,157503397.529,96593.3234927,287,287,157503397.529,1,36220,27640,0.312228654124457,0.238060781476122,0.156657018813314,0.0886396526772793,0.125542691751085,0.0788712011577424,2605141,70,1159,866,2025,87092,0.066,0.188,31322
269,254,280,90068,655821,8557,0,90068,210585339.378,90784.2086378,295,295,210585339.378,1,16680,11820,0.285956006768189,0.197123519458545,0.131979695431472,0.0879864636209814,0.15989847715736,0.137055837563452,1463677,108,158,361,519,143125,0.037,0.091,13892
270,70,281,90249,655821,8580,0,90249,84276652.3837,56479.1420036,0,0,84276652.3837,1,26040,13140,0.421613394216134,0.254185692541857,0.143835616438356,0.0783866057838661,0.0920852359208524,0.00989345509893455,598427,NA,NA,NA,NA,NA,NA,NA,NA
271,349,282,93551,655821,8814,0,93551,2246783767.35,381336.186997,1,1,2246783767.35,1,48290,21860,0.323421774931382,0.183440073193047,0.139066788655078,0.113906678865508,0.197621225983532,0.0425434583714547,1536536,774,1253,2395,3648,91399,0.042,0.118,16962
272,64,283,90220,655821,8569,0,90220,189167742.198,81484.2329651,0,0,189167742.198,1,48220,21050,0.515439429928741,0.295961995249406,0.115914489311164,0.0446555819477435,0.0261282660332542,0.00190023752969121,700989,NA,NA,NA,NA,NA,NA,NA,NA
273,54,284,90746,655821,8651,0,90746,142569304.812,89881.510613,0,0,142569304.812,1,25280,13430,0.349962769918094,0.233804914370812,0.160833953834698,0.104988830975428,0.132539091586001,0.0178704393149665,750399,NA,NA,NA,NA,NA,NA,NA,NA
274,81,285,90242,655821,8576,0,90242,124452251.491,77229.2966295,0,0,124452251.491,1,40440,18830,0.414232607541158,0.277748274030802,0.14073287307488,0.0785979819437068,0.0807222517259692,0.0079660116834838,846803,NA,NA,NA,NA,NA,NA,NA,NA
275,250,286,90041,655821,8537,0,90041,99220837.9224,70819.4274933,198,198,99220837.9224,1,23610,12970,0.340015420200463,0.233616037008481,0.147262914417887,0.0917501927525058,0.143407864302236,0.0439475713184271,834999,279,1469,1161,2630,78397,0.08,0.145,10080
276,262,287,91105,655821,8685,0,91105,108908767.885,75009.0509289,0,0,108908767.885,1,11110,6430,0.199066874027994,0.124416796267496,0.104199066874028,0.0995334370139969,0.213063763608087,0.259720062208398,1396847,NA,NA,NA,NA,NA,NA,NA,NA
277,45,288,90277,655821,8594,0,90277,102502272.428,59171.125769,0,0,102502272.428,1,32780,19390,0.216090768437339,0.157813305827746,0.148014440433213,0.114492006188757,0.227436823104693,0.136152656008252,2285820,NA,NA,NA,NA,NA,NA,NA,NA
278,46,289,90503,655821,8613,0,90503,163975385.851,65687.4673255,0,0,163975385.851,1,42320,21180,0.262511803588291,0.180358829084042,0.147308781869688,0.1109537299339,0.219074598677998,0.0797922568460812,1806413,NA,NA,NA,NA,NA,NA,NA,NA
279,51,290,90254,655821,8582,0,90254,40258980.5565,28504.3272831,0,0,40258980.5565,1,17650,10840,0.180811808118081,0.14760147601476,0.142988929889299,0.120848708487085,0.225092250922509,0.182656826568266,1790621,NA,NA,NA,NA,NA,NA,NA,NA
280,60,291,90278,655821,8595,0,90278,99272200.5474,55944.5827796,0,0,99272200.5474,1,38130,19930,0.232814851981937,0.163572503763171,0.135975915704967,0.113396889111892,0.234320120421475,0.119919719016558,2039482,NA,NA,NA,NA,NA,NA,NA,NA
281,216,292,91724,655821,8766,0,91724,171735911.903,134014.075591,0,0,172022878.167406,2,24600,12410,0.357775987107172,0.216760676873489,0.12812248186946,0.0975020145044319,0.162771958098308,0.0370668815471394,800547,NA,NA,NA,NA,NA,NA,NA,NA
282,197,293,91791,655821,8794,0,91791,184654839.997,103674.676403,0,0,185021405.34858,2,30380,15150,0.362376237623762,0.223102310231023,0.135313531353135,0.0943894389438944,0.141914191419142,0.0429042904290429,1038733,NA,NA,NA,NA,NA,NA,NA,NA
283,188,294,91755,655821,8778,0,91755,87020405.5547,63961.474277,0,0,87020405.5547,1,25170,13730,0.520029133284778,0.214857975236708,0.0990531682447196,0.0633648943918427,0.0837581937363438,0.0189366351056082,588269,NA,NA,NA,NA,NA,NA,NA,NA
284,249,295,91007,655821,8671,0,91007,152119035.913,80092.0900406,0,0,152119035.913,1,28780,14270,0.330763840224247,0.201121233356692,0.126138752627891,0.0911002102312544,0.161177295024527,0.0896986685353889,1277757,NA,NA,NA,NA,NA,NA,NA,NA
285,225,296,91780,655821,8789,0,91780,106607352.343,70618.1115256,0,0,106607352.343,1,32640,16250,0.378461538461538,0.227076923076923,0.135384615384615,0.0929230769230769,0.132923076923077,0.0332307692307692,962881,NA,NA,NA,NA,NA,NA,NA,NA
286,287,297,91010,655821,8672,0,91010,308966259.092,145375.985445,0,0,309681222.804994,2,24300,12000,0.3975,0.249166666666667,0.140833333333333,0.0841666666666667,0.1075,0.0208333333333333,633848,NA,NA,NA,NA,NA,NA,NA,NA
287,76,298,90250,655821,8581,0,90250,184797335.373,95026.1022472,0,0,184797335.373,1,89350,43280,0.442929759704251,0.296210720887246,0.119916820702403,0.0586876155268022,0.0681608133086876,0.01409426987061,1861311,NA,NA,NA,NA,NA,NA,NA,NA
288,85,299,90303,655821,8603,0,90303,55534546.7528,42695.722447,0,0,55534546.7528,1,24200,11330,0.501323918799647,0.296557811120918,0.11297440423654,0.0476610767872904,0.0370697263901147,0.00441306266548985,387171,NA,NA,NA,NA,NA,NA,NA,NA
289,114,300,90043,655821,8539,0,90043,113438602.546,62290.9370388,599,599,113438602.546,1,39570,20720,0.451254826254826,0.253861003861004,0.130791505791506,0.0675675675675676,0.0781853281853282,0.0183397683397683,936241,717,2724,3215,5939,56419,0.19,0.311,18010
290,95,301,90301,655821,8601,0,90301,95647076.5084,58425.0005201,1,1,95647076.5084,1,33620,16510,0.497880072683222,0.315566323440339,0.118715929739552,0.0393700787401575,0.0254391278013325,0.00302846759539673,548801,610,4486,3133,7619,41055,0.214,0.25,12673
291,93,302,90305,655821,8605,0,90305,45402603.6552,39624.0720261,1,1,45402603.6552,1,14350,8170,0.352509179926561,0.25703794369645,0.171358629130967,0.0966952264381885,0.111383108935129,0.011015911872705,415499,172,560,590,1150,76114,0.085,0.103,6236
292,49,303,90712,655821,9153,0,90712,115603718.833,67424.561561,0,0,115603718.833,1,30180,15260,0.294233289646134,0.202490170380079,0.150720838794233,0.121887287024902,0.201834862385321,0.0288335517693316,1026133,NA,NA,NA,NA,NA,NA,NA,NA
293,53,304,90805,655821,9154,0,90805,208311937.013,76140.6472395,0,0,208311937.013,1,90550,39970,0.492369276957718,0.287215411558669,0.120340255191394,0.0565424068051038,0.0410307730798099,0.00250187640730548,1407374,NA,NA,NA,NA,NA,NA,NA,NA
294,236,305,90077,655821,8561,0,90077,199337706.115,87442.1698446,83,83,199337706.115,1,7480,4030,0.210918114143921,0.104218362282878,0.0794044665012407,0.0620347394540943,0.1712158808933,0.372208436724566,2223011,41,75,56,131,200197,0.025,0.074,3838
295,241,306,90210,655821,8566,0,90210,304424684.325,105474.540816,118,118,304424684.325,1,16960,9540,0.244234800838574,0.107966457023061,0.0807127882599581,0.0649895178197065,0.147798742138365,0.354297693920335,6072218,82,548,393,941,174148,0.075,0.205,9478
296,82,307,90262,655821,8586,0,90262,137141719.255,91000.7104934,0,0,137141719.255,1,66310,27220,0.524614254224835,0.304188096987509,0.109478324761205,0.0400440852314475,0.020573108008817,0.00110213078618663,847928,NA,NA,NA,NA,NA,NA,NA,NA
297,88,308,90280,655821,8596,0,90280,209645508.037,119130.449425,0,0,209645508.037,1,93670,39780,0.5,0.308195072900955,0.116641528406234,0.0460030165912519,0.0271493212669683,0.00201106083459025,1385528,NA,NA,NA,NA,NA,NA,NA,NA
298,72,309,90723,655821,8645,0,90723,136000141.07,74132.1784161,0,0,136000141.07,1,54600,23220,0.501722652885444,0.303186907838071,0.116709732988803,0.0490956072351421,0.0267011197243755,0.00258397932816537,778755,NA,NA,NA,NA,NA,NA,NA,NA
299,318,310,91001,655821,8669,0,91001,900547347.771,214789.531542,0,0,900547347.771,1,33460,17340,0.327566320645905,0.186851211072664,0.119377162629758,0.0963091118800461,0.178200692041523,0.0916955017301038,1565792,NA,NA,NA,NA,NA,NA,NA,NA
300,284,311,91107,655821,8687,0,91107,224548917.959,86207.0874605,0,0,224548917.959,1,30240,16210,0.293028994447872,0.18877236273905,0.132017273288094,0.094386181369525,0.181986428130783,0.109808760024676,1720192,NA,NA,NA,NA,NA,NA,NA,NA
301,331,312,91750,655821,8776,0,91750,2165425216.06,377321.60543,0,0,2165425216.06,1,30970,15940,0.313048933500627,0.191969887076537,0.13237139272271,0.105395232120452,0.195106649937265,0.062107904642409,1320731,NA,NA,NA,NA,NA,NA,NA,NA
302,221,313,91767,655821,8783,0,91767,158246375.914,90379.5354907,0,0,158585811.050473,2,44390,20480,0.46484375,0.27392578125,0.1279296875,0.06689453125,0.0595703125,0.0068359375,813294,NA,NA,NA,NA,NA,NA,NA,NA
303,230,314,91775,655821,8787,0,91775,85650093.7118,68640.9065674,0,0,85650093.7118,1,22310,10930,0.339432753888381,0.198536139066789,0.12259835315645,0.090576395242452,0.176578225068618,0.0722781335773102,837982,NA,NA,NA,NA,NA,NA,NA,NA
304,220,315,91801,655821,8796,0,91801,120740116.138,73989.9616328,1,1,120762636.293755,2,46420,25200,0.422222222222222,0.257539682539683,0.135714285714286,0.076984126984127,0.0884920634920635,0.019047619047619,1225398,295,4321,2960,7281,56894,0.131,0.132,20675
305,214,316,90032,655821,8528,0,90032,139974316.884,72278.5392714,147,147,139974316.884,1,39940,19560,0.478527607361963,0.277096114519427,0.127811860940695,0.0572597137014315,0.053680981595092,0.00562372188139059,747140,1056,6077,4812,10889,45195,0.21,0.331,13900
306,200,317,91803,655821,8797,0,91803,89884564.7509,61131.3179083,0,0,89884564.7509,1,27470,14570,0.432395332875772,0.251887439945093,0.131091283459163,0.0741249142072752,0.0960878517501716,0.0144131777625257,684918,NA,NA,NA,NA,NA,NA,NA,NA
307,166,318,91789,655821,8792,0,91789,440456162.822,158135.895772,0,0,440456162.822,1,41130,20350,0.331695331695332,0.198034398034398,0.127764127764128,0.0948402948402948,0.178869778869779,0.0687960687960688,1752477,NA,NA,NA,NA,NA,NA,NA,NA
308,146,319,91792,655821,8795,0,91792,107127768.983,79547.5967033,0,0,107127768.983,1,27800,13870,0.385724585436193,0.250180245133381,0.153568853640952,0.0951694304253785,0.105263157894737,0.0100937274693583,674399,NA,NA,NA,NA,NA,NA,NA,NA
309,350,320,93550,655821,8813,0,93550,4529049439.61,568012.408015,0,0,4529049439.61,1,68600,28800,0.534375,0.254513888888889,0.115972222222222,0.0527777777777778,0.0395833333333333,0.00277777777777778,968712,NA,NA,NA,NA,NA,NA,NA,NA
310,345,321,93510,655821,8805,0,93510,2207110959.18,390627.302372,0,0,2207110959.18,1,6840,3520,0.298295454545455,0.161931818181818,0.122159090909091,0.102272727272727,0.25,0.0653409090909091,308273,NA,NA,NA,NA,NA,NA,NA,NA
311,323,322,91702,655821,8759,0,91702,1650150754.35,335452.436919,0,0,1650150754.35,1,54800,25550,0.453620352250489,0.263013698630137,0.128767123287671,0.0696673189823875,0.0727984344422701,0.012133072407045,1101103,NA,NA,NA,NA,NA,NA,NA,NA
312,31,323,90806,0,8658,0,90806,35246802.5558,36423.4814829,0,0,125454624.287349,4,39590,18060,0.496124031007752,0.27796234772979,0.105758582502769,0.0564784053156146,0.0570321151716501,0.00664451827242525,689343,NA,NA,NA,NA,NA,NA,NA,NA
313,37,324,90630,0,8626,0,90630,1006628.02276,7749.34393222,0,0,1297899.21718,2,47470,23350,0.314346895074946,0.198715203426124,0.137473233404711,0.106638115631692,0.191006423982869,0.0518201284796574,1731324,NA,NA,NA,NA,NA,NA,NA,NA
314,246,325,91204,0,8694,0,91204,96049.9925753,1450.05284366,0,0,31223691.3229851,3,13410,6990,0.483547925608011,0.270386266094421,0.124463519313305,0.0586552217453505,0.0529327610872675,0.0100143061516452,284801,NA,NA,NA,NA,NA,NA,NA,NA
315,247,326,91204,0,8694,0,91204,82193.8161098,1643.07727651,0,0,31223691.3229851,3,13410,6990,0.483547925608011,0.270386266094421,0.124463519313305,0.0586552217453505,0.0529327610872675,0.0100143061516452,284801,NA,NA,NA,NA,NA,NA,NA,NA
316,209,327,90026,0,8523,0,90026,221902.060975,2651.02042293,363,0.71,114217283.680975,2,53830,31610,0.452388484656754,0.268585890540968,0.119898766213224,0.061056627649478,0.0724454286618159,0.0256248022777602,1533521,1407,7365,4715,12080,44808,0.202,0.322,26715
317,207,328,90039,0,8535,0,90039,20626.0996957,1057.60027333,181,0.03,113047928.528696,2,25580,15080,0.331564986737401,0.240053050397878,0.142572944297082,0.0915119363395226,0.130636604774536,0.0636604774535809,1095125,273,1746,1312,3058,73014,0.09,0.164,12443
318,1,329,90704,0,8636,0,90704,178901.977627,1696.41170188,0,0,3823319074.44872,7,NA,NA,NA,NA,NA,NA,NA,NA,NA,NA,NA,NA,NA,NA,NA,NA,NA
319,2,330,90704,0,8636,0,90704,273754.127704,2132.34394053,0,0,3823319074.44872,7,NA,NA,NA,NA,NA,NA,NA,NA,NA,NA,NA,NA,NA,NA,NA,NA,NA
320,7,331,90704,0,8636,0,90704,2083688812.67,330369.216503,0,0,3823319074.44872,7,NA,NA,NA,NA,NA,NA,NA,NA,NA,NA,NA,NA,NA,NA,NA,NA,NA
321,6,332,90704,0,8636,0,90704,188867.433724,1918.4957517,0,0,3823319074.44872,7,NA,NA,NA,NA,NA,NA,NA,NA,NA,NA,NA,NA,NA,NA,NA,NA,NA
322,4,333,90704,0,8636,0,90704,428950.886799,2514.53207685,0,0,3823319074.44872,7,NA,NA,NA,NA,NA,NA,NA,NA,NA,NA,NA,NA,NA,NA,NA,NA,NA
323,3,334,90704,0,8636,0,90704,220217.542868,1934.34770699,0,0,3823319074.44872,7,NA,NA,NA,NA,NA,NA,NA,NA,NA,NA,NA,NA,NA,NA,NA,NA,NA
324,14,335,90732,655821,8647,0,90732,15073159.7434,26075.2890618,160,27.29,88382751.5663,2,19020,10240,0.2470703125,0.171875,0.15625,0.125,0.2294921875,0.0703125,865973,148,780,803,1583,101798,0.044,0.157,9115
325,16,336,90744,0,8649,0,90744,111112.055192,2195.55122912,434,0.2,244904323.284192,2,52380,21700,0.511059907834101,0.284792626728111,0.104608294930876,0.0465437788018433,0.0488479262672811,0.00414746543778802,759573,1792,8449,5599,14048,40976,0.254,0.412,14847
326,17,337,90274,0,8592,0,90274,23034759.7797,40237.9591798,0,0,335064287.3217,2,25450,12610,0.219666931007137,0.0967486122125297,0.0856463124504362,0.0721649484536082,0.200634417129262,0.325138778747026,3615561,NA,NA,NA,NA,NA,NA,NA,NA
327,18,338,90275,655821,8593,0,90275,13295013.5693,17150.0459861,2,0.07,371968124.1423,2,39370,19220,0.224245577523413,0.119667013527575,0.101456815816857,0.0889698231009365,0.240374609781478,0.22528616024974,3045406,230,320,426,746,138614,0.032,0.116,16720
328,28,339,90806,0,8658,0,90806,247004.828759,3577.48271195,0,0,125454624.287349,4,39590,18060,0.496124031007752,0.27796234772979,0.105758582502769,0.0564784053156146,0.0570321151716501,0.00664451827242525,689343,NA,NA,NA,NA,NA,NA,NA,NA
329,27,340,90806,0,8658,0,90806,331758.49409,3485.3827247,0,0,125454624.287349,4,39590,18060,0.496124031007752,0.27796234772979,0.105758582502769,0.0564784053156146,0.0570321151716501,0.00664451827242525,689343,NA,NA,NA,NA,NA,NA,NA,NA
330,59,341,90247,0,8578,0,90247,527616.835329,3674.78945252,97,0.49,103669769.186605,3,45380,22460,0.43766696349065,0.292074799643811,0.139804096170971,0.0658949243098842,0.0592163846838825,0.00534283170080142,906633,718,4401,2878,7279,46007,0.172,0.255,16897
331,56,342,90247,0,8578,0,90247,175528.669276,2341.32240446,97,0.16,103669769.186605,3,45380,22460,0.43766696349065,0.292074799643811,0.139804096170971,0.0658949243098842,0.0592163846838825,0.00534283170080142,906633,718,4401,2878,7279,46007,0.172,0.255,16897
332,62,343,90260,655821,8584,0,90260,1172339.68747,5193.10418506,0,0,71952417.46697,2,32590,15500,0.44,0.286451612903226,0.135483870967742,0.0651612903225806,0.0658064516129032,0.00709677419354839,650852,NA,NA,NA,NA,NA,NA,NA,NA
333,75,344,90304,0,8604,0,90304,3521214.61325,9087.14768485,0,0,45864630.38885,2,26560,11400,0.55,0.314912280701754,0.0850877192982456,0.0298245614035088,0.0175438596491228,0.00263157894736842,337474,NA,NA,NA,NA,NA,NA,NA,NA
334,102,345,90302,655821,8602,0,90302,1240341.28488,4800.52110898,2,0.05,51750641.84968,2,26320,13440,0.462797619047619,0.301339285714286,0.138392857142857,0.0498511904761905,0.0424107142857143,0.00520833333333333,499031,474,2206,1989,4195,45717,0.165,0.211,11595
336,123,347,91710,0,8762,0,91710,163017.34447,2294.5141876,0,0,163017.34447,1,72030,33860,0.383343177790904,0.235971647962197,0.138216184288246,0.0930301240401654,0.129651506202008,0.0197873597164796,1862450,NA,NA,NA,NA,NA,NA,NA,NA
337,149,348,90025,0,8522,0,90025,36189.1640894,755.646558816,176,0.09,69445129.7201894,2,40080,25660,0.255650818394388,0.213561964146532,0.151987529228371,0.103663289166017,0.163289166017147,0.111847233047545,5455720,181,1215,1684,2899,92005,0.06,0.073,23120
338,161,349,91724,655821,8766,0,91724,286966.264406,3183.78350354,0,0,172022878.167406,2,24600,12410,0.357775987107172,0.216760676873489,0.12812248186946,0.0975020145044319,0.162771958098308,0.0370668815471394,800547,NA,NA,NA,NA,NA,NA,NA,NA
339,165,350,90010,0,8507,0,90010,72352.60469,1092.25475785,3,0.05,4228673.4584568,12,3850,2250,0.36,0.173333333333333,0.12,0.0888888888888889,0.133333333333333,0.124444444444444,468435,36,208,94,302,67566,0.119,0.23,2418
340,168,351,90010,0,8507,0,90010,89881.3262536,1244.11200123,3,0.06,4228673.4584568,12,3850,2250,0.36,0.173333333333333,0.12,0.0888888888888889,0.133333333333333,0.124444444444444,468435,36,208,94,302,67566,0.119,0.23,2418
341,169,352,90010,0,8507,0,90010,90483.2695725,1459.47753026,3,0.06,4228673.4584568,12,3850,2250,0.36,0.173333333333333,0.12,0.0888888888888889,0.133333333333333,0.124444444444444,468435,36,208,94,302,67566,0.119,0.23,2418
342,173,353,90010,0,8507,0,90010,622477.56265,6791.95988101,3,0.44,4228673.4584568,12,3850,2250,0.36,0.173333333333333,0.12,0.0888888888888889,0.133333333333333,0.124444444444444,468435,36,208,94,302,67566,0.119,0.23,2418
343,170,354,90010,0,8507,0,90010,1139270.79787,13461.2448572,3,0.81,4228673.4584568,12,3850,2250,0.36,0.173333333333333,0.12,0.0888888888888889,0.133333333333333,0.124444444444444,468435,36,208,94,302,67566,0.119,0.23,2418
344,164,355,90010,0,8507,0,90010,94609.9339864,1355.02592471,3,0.07,4228673.4584568,12,3850,2250,0.36,0.173333333333333,0.12,0.0888888888888889,0.133333333333333,0.124444444444444,468435,36,208,94,302,67566,0.119,0.23,2418
345,171,356,90010,0,8507,0,90010,77746.2114803,1340.86719528,3,0.06,4228673.4584568,12,3850,2250,0.36,0.173333333333333,0.12,0.0888888888888889,0.133333333333333,0.124444444444444,468435,36,208,94,302,67566,0.119,0.23,2418
346,172,357,90010,0,8507,0,90010,109582.234941,1597.95537991,3,0.08,4228673.4584568,12,3850,2250,0.36,0.173333333333333,0.12,0.0888888888888889,0.133333333333333,0.124444444444444,468435,36,208,94,302,67566,0.119,0.23,2418
347,176,358,90010,0,8507,0,90010,523486.102063,5892.69519024,3,0.37,4228673.4584568,12,3850,2250,0.36,0.173333333333333,0.12,0.0888888888888889,0.133333333333333,0.124444444444444,468435,36,208,94,302,67566,0.119,0.23,2418
348,174,359,90010,0,8507,0,90010,385327.826857,5952.81143471,3,0.27,4228673.4584568,12,3850,2250,0.36,0.173333333333333,0.12,0.0888888888888889,0.133333333333333,0.124444444444444,468435,36,208,94,302,67566,0.119,0.23,2418
349,180,360,90005,0,8503,0,90005,8718411.56741,48076.3953126,131,30.58,37349162.01331,2,29610,15520,0.541237113402062,0.269974226804124,0.0889175257731959,0.0380154639175258,0.038659793814433,0.0231958762886598,765406,814,5641,3137,8778,32420,0.261,0.457,16831
350,192,361,91801,655821,8796,0,91801,22520.1557545,602.026108711,1,0,120762636.293755,2,46420,25200,0.422222222222222,0.257539682539683,0.135714285714286,0.076984126984127,0.0884920634920635,0.019047619047619,1225398,295,4321,2960,7281,56894,0.131,0.132,20675
351,198,362,91731,0,8767,0,91731,2385038.0191,7291.67602659,0,0,105873978.9711,2,25480,11710,0.547395388556789,0.281810418445773,0.0982066609735269,0.0384286934244236,0.0298889837745517,0.00426985482493595,393810,NA,NA,NA,NA,NA,NA,NA,NA
352,199,363,91791,655821,8794,0,91791,366565.35158,2590.62502497,0,0,185021405.34858,2,30380,15150,0.362376237623762,0.223102310231023,0.135313531353135,0.0943894389438944,0.141914191419142,0.0429042904290429,1038733,NA,NA,NA,NA,NA,NA,NA,NA
353,219,364,91016,655821,8674,0,91016,3759207.60563,10680.9816594,0,0,723990432.21563,2,37410,19060,0.35414480587618,0.218258132214061,0.14585519412382,0.09601259181532,0.144281217208814,0.0414480587618048,1259168,NA,NA,NA,NA,NA,NA,NA,NA
354,222,365,91767,655821,8783,0,91767,339435.136473,2798.331711,0,0,158585811.050473,2,44390,20480,0.46484375,0.27392578125,0.1279296875,0.06689453125,0.0595703125,0.0068359375,813294,NA,NA,NA,NA,NA,NA,NA,NA
355,227,367,91740,655821,8770,0,91740,1292466.05943,6248.95133953,0,0,140019322.820052,3,23920,11940,0.360134003350084,0.21105527638191,0.144053601340034,0.108877721943049,0.153266331658291,0.0226130653266332,711856,NA,NA,NA,NA,NA,NA,NA,NA
356,228,368,91740,655821,8770,0,91740,21507.8696221,593.123526739,0,0,140019322.820052,3,23920,11940,0.360134003350084,0.21105527638191,0.144053601340034,0.108877721943049,0.153266331658291,0.0226130653266332,711856,NA,NA,NA,NA,NA,NA,NA,NA
357,265,369,91010,655821,8672,0,91010,714963.712994,3874.9908745,0,0,309681222.804994,2,24300,12000,0.3975,0.249166666666667,0.140833333333333,0.0841666666666667,0.1075,0.0208333333333333,633848,NA,NA,NA,NA,NA,NA,NA,NA
358,297,370,91208,0,8698,0,91208,84257.5526009,1373.97746992,0,0,232230393.097601,2,15240,7640,0.267015706806283,0.154450261780105,0.12434554973822,0.0942408376963351,0.214659685863874,0.145287958115183,915782,NA,NA,NA,NA,NA,NA,NA,NA
359,163,371,90010,0,8507,0,90010,446534.129577,4583.82364641,3,0.32,4228673.4584568,12,3850,2250,0.36,0.173333333333333,0.12,0.0888888888888889,0.133333333333333,0.124444444444444,468435,36,208,94,302,67566,0.119,0.23,2418
776,360,372,90270,0,9177,0,90270,33015684.4385,32632.2800668,0,0,33015684.4385,1,26290,10520,0.541825095057034,0.326045627376426,0.094106463878327,0.026615969581749,0.0114068441064639,0,304779,NA,NA,NA,NA,NA,NA,NA,NA
1164,106,250,90044,655821,8540,0,90044,139895772.115,101772.115169,723,723,139895772.115,1,81130,36210,0.615023474178404,0.266500966583817,0.08008837337752,0.0243026788180061,0.0135321734327534,0.000552333609500138,963727,2296,11611,8047,19658,32719,0.337,0.449,29039
